Parameter,Coefficient,SE,CI95_Lower,CI95_Upper,percentile,n_cell_types,parsed,coef_type,mark1,mark2,range,involves_mark5,baseline_coef,deviation,abs_deviation,rel_deviation
(Intercept),-10.6129907164101,0.0526277704979537,-10.7161411465861,-10.5098402862341,50th,6,"{'type': 'intercept', 'mark1': None, 'mark2': None, 'range': None}",intercept,,,,False,-10.3247929167551,-0.2881977996549985,0.2881977996549985,-0.027913179661406964
marks1,1.32923616429095,0.0593554519687872,1.21289947843213,1.44557285014978,50th,6,"{'type': 'mark', 'mark1': 1, 'mark2': None, 'range': None}",mark,1.0,,,False,1.27403277017785,0.055203394113100046,0.055203394113100046,0.043329650069409836
marks2,0.413656738646338,0.0601927534343088,0.295678941915093,0.531634535377583,50th,6,"{'type': 'mark', 'mark1': 2, 'mark2': None, 'range': None}",mark,2.0,,,False,0.51109353896266,-0.09743680031632196,0.09743680031632196,-0.19064377236116112
marks3,-0.324197657347272,0.0872971669792745,-0.49530010462665,-0.153095210067894,50th,6,"{'type': 'mark', 'mark1': 3, 'mark2': None, 'range': None}",mark,3.0,,,False,-0.416116244340398,0.091918586993126,0.091918586993126,0.22089641589633222
marks4,0.120700061303671,0.0766238063447005,-0.0294825991319421,0.270882721739284,50th,6,"{'type': 'mark', 'mark1': 4, 'mark2': None, 'range': None}",mark,4.0,,,False,0.0762266022271859,0.0444734590764851,0.0444734590764851,0.5834375102486213
InteractionmarkX0xX0x100,0.0976961087948915,0.0027600598989058,0.0922863913930361,0.103105826196747,50th,6,"{'type': 'interaction', 'mark1': 0, 'mark2': 0, 'range': 100}",interaction,0.0,0.0,100.0,False,0.0992707683974456,-0.001574659602554096,0.001574659602554096,-0.015862268685817766
InteractionmarkX0xX1x100,0.0231849383364295,0.0013654229974719,0.0205087092613844,0.0258611674114745,50th,6,"{'type': 'interaction', 'mark1': 0, 'mark2': 1, 'range': 100}",interaction,0.0,1.0,100.0,False,0.0228303199596623,0.00035461837676720176,0.00035461837676720176,0.015532781662301723
InteractionmarkX1xX1x100,0.0470648026783835,0.0009138532658975,0.0452736502772242,0.0488559550795428,50th,6,"{'type': 'interaction', 'mark1': 1, 'mark2': 1, 'range': 100}",interaction,1.0,1.0,100.0,False,0.0515504340166038,-0.004485631338220303,0.004485631338220303,-0.08701442412830297
InteractionmarkX0xX2x100,-0.0706283300998875,0.0045850837303009,-0.0796150942112773,-0.0616415659884976,50th,6,"{'type': 'interaction', 'mark1': 0, 'mark2': 2, 'range': 100}",interaction,0.0,2.0,100.0,False,-0.070112416649522,-0.0005159134503655016,0.0005159134503655016,-0.007358374939614658
InteractionmarkX1xX2x100,-0.0163600786435658,0.0013169970919098,-0.0189413929437091,-0.0137787643434225,50th,6,"{'type': 'interaction', 'mark1': 1, 'mark2': 2, 'range': 100}",interaction,1.0,2.0,100.0,False,-0.0123632211090873,-0.003996857534478501,0.003996857534478501,-0.3232860972786528
InteractionmarkX2xX2x100,0.0574164617199429,0.0012629361315235,0.0549411069021567,0.0598918165377291,50th,6,"{'type': 'interaction', 'mark1': 2, 'mark2': 2, 'range': 100}",interaction,2.0,2.0,100.0,False,0.057589259311356,-0.00017279759141310136,0.00017279759141310136,-0.0030005176864460158
InteractionmarkX0xX3x100,0.0130016897504652,0.0030912512603984,0.0069428372800841,0.0190605422208462,50th,6,"{'type': 'interaction', 'mark1': 0, 'mark2': 3, 'range': 100}",interaction,0.0,3.0,100.0,False,0.014975594939782,-0.0019739051893168,0.0019739051893168,-0.1318081307669718
InteractionmarkX1xX3x100,0.0172092174523955,0.0015273865137689,0.0142155398854084,0.0202028950193827,50th,6,"{'type': 'interaction', 'mark1': 1, 'mark2': 3, 'range': 100}",interaction,1.0,3.0,100.0,False,0.0228762662897688,-0.0056670488373733,0.0056670488373733,-0.24772612544448405
InteractionmarkX2xX3x100,0.0122406966449544,0.0020573488436655,0.0082082929113698,0.016273100378539,50th,6,"{'type': 'interaction', 'mark1': 2, 'mark2': 3, 'range': 100}",interaction,2.0,3.0,100.0,False,0.0163198827753526,-0.0040791861303981995,0.0040791861303981995,-0.24995192438291727
InteractionmarkX3xX3x100,0.11964282065767,0.0030925226117374,0.113581476338665,0.125704164976676,50th,6,"{'type': 'interaction', 'mark1': 3, 'mark2': 3, 'range': 100}",interaction,3.0,3.0,100.0,False,0.128649936033915,-0.009007115376245003,0.009007115376245003,-0.07001259112067702
InteractionmarkX0xX4x100,0.0165838428772198,0.0022656019658952,0.0121432630240652,0.0210244227303745,50th,6,"{'type': 'interaction', 'mark1': 0, 'mark2': 4, 'range': 100}",interaction,0.0,4.0,100.0,False,0.0151468363719414,0.0014370065052784018,0.0014370065052784018,0.09487172505891707
InteractionmarkX1xX4x100,0.0185335642827325,0.0012709623668269,0.0160424780437517,0.0210246505217133,50th,6,"{'type': 'interaction', 'mark1': 1, 'mark2': 4, 'range': 100}",interaction,1.0,4.0,100.0,False,0.0200593891647648,-0.0015258248820323,0.0015258248820323,-0.07606537077938252
InteractionmarkX2xX4x100,-0.0710692452963017,0.0037762881393387,-0.0784707700494056,-0.0636677205431977,50th,6,"{'type': 'interaction', 'mark1': 2, 'mark2': 4, 'range': 100}",interaction,2.0,4.0,100.0,False,-0.0679927851046423,-0.0030764601916593998,0.0030764601916593998,-0.04524686233105436
InteractionmarkX3xX4x100,0.0016232802347715,0.0028765956801128,-0.0040148472982496,0.0072614077677927,50th,6,"{'type': 'interaction', 'mark1': 3, 'mark2': 4, 'range': 100}",interaction,3.0,4.0,100.0,False,0.0039121435100112,-0.0022888632752397,0.0022888632752397,-0.5850662714381151
InteractionmarkX4xX4x100,0.0694565883270567,0.0027180068811459,0.0641292948400105,0.0747838818141028,50th,6,"{'type': 'interaction', 'mark1': 4, 'mark2': 4, 'range': 100}",interaction,4.0,4.0,100.0,False,0.0696127024622544,-0.00015611413519769912,0.00015611413519769912,-0.0022426098894535347
InteractionmarkX0xX0x200,0.0092098221476137,0.0018090642285733,0.0056640562596098,0.0127555880356175,50th,6,"{'type': 'interaction', 'mark1': 0, 'mark2': 0, 'range': 200}",interaction,0.0,0.0,200.0,False,0.009705838417781,-0.0004960162701673002,0.0004960162701673002,-0.051104937431073395
InteractionmarkX0xX1x200,-0.0040593801290337,0.0007911639375325,-0.0056100614465974,-0.00250869881147,50th,6,"{'type': 'interaction', 'mark1': 0, 'mark2': 1, 'range': 200}",interaction,0.0,1.0,200.0,False,-0.0037177718030527,-0.00034160832598099976,0.00034160832598099976,-0.09188522988742308
InteractionmarkX1xX1x200,0.0004505198175768,0.0005420178821908,-0.0006118352315171,0.0015128748666708,50th,6,"{'type': 'interaction', 'mark1': 1, 'mark2': 1, 'range': 200}",interaction,1.0,1.0,200.0,False,0.0010013407218007,-0.0005508209042239,0.0005508209042239,-0.5500833404887707
InteractionmarkX0xX2x200,0.0034424226402154,0.0019850447224609,-0.0004482650158079,0.0073331102962388,50th,6,"{'type': 'interaction', 'mark1': 0, 'mark2': 2, 'range': 200}",interaction,0.0,2.0,200.0,False,0.004231570940046,-0.0007891482998306,0.0007891482998306,-0.18649061834538444
InteractionmarkX1xX2x200,0.0049411689521075,0.0007011175586362,0.0035669785371804,0.0063153593670346,50th,6,"{'type': 'interaction', 'mark1': 1, 'mark2': 2, 'range': 200}",interaction,1.0,2.0,200.0,False,0.0055702347434452,-0.0006290657913377001,0.0006290657913377001,-0.11293344159052042
InteractionmarkX2xX2x200,-0.0009720463179431,0.0007987349563856,-0.0025375668324591,0.0005934741965727,50th,6,"{'type': 'interaction', 'mark1': 2, 'mark2': 2, 'range': 200}",interaction,2.0,2.0,200.0,False,-0.0001576753233988,-0.0008143709945443,0.0008143709945443,-5.164856874901519
InteractionmarkX0xX3x200,0.0072232793913714,0.0016802990983813,0.0039298931585439,0.0105166656241989,50th,6,"{'type': 'interaction', 'mark1': 0, 'mark2': 3, 'range': 200}",interaction,0.0,3.0,200.0,False,0.0081299594437253,-0.0009066800523539007,0.0009066800523539007,-0.1115233166263018
InteractionmarkX1xX3x200,-0.0009975948185317,0.0008549984045565,-0.0026733916914625,0.000678202054399,50th,6,"{'type': 'interaction', 'mark1': 1, 'mark2': 3, 'range': 200}",interaction,1.0,3.0,200.0,False,0.0002893058873867,-0.0012869007059184,0.0012869007059184,-4.448233918499129
InteractionmarkX2xX3x200,-0.0011252780949261,0.0011659748716368,-0.0034105888433343,0.0011600326534821,50th,6,"{'type': 'interaction', 'mark1': 2, 'mark2': 3, 'range': 200}",interaction,2.0,3.0,200.0,False,0.000846990308988,-0.0019722684039140998,0.0019722684039140998,-2.3285604925215186
InteractionmarkX3xX3x200,-0.0152555334819378,0.0021223167902551,-0.0194152743908378,-0.0110957925730378,50th,6,"{'type': 'interaction', 'mark1': 3, 'mark2': 3, 'range': 200}",interaction,3.0,3.0,200.0,False,-0.011758270793552,-0.0034972626883858007,0.0034972626883858007,-0.29743001501212474
InteractionmarkX0xX4x200,-0.0022460228307395,0.0012808549223265,-0.0047564984784994,0.0002644528170204,50th,6,"{'type': 'interaction', 'mark1': 0, 'mark2': 4, 'range': 200}",interaction,0.0,4.0,200.0,False,-0.0014641664990408,-0.0007818563316987,0.0007818563316987,-0.533994104366885
InteractionmarkX1xX4x200,-0.0018503094174329,0.0007154241997152,-0.0032525408488748,-0.0004480779859911,50th,6,"{'type': 'interaction', 'mark1': 1, 'mark2': 4, 'range': 200}",interaction,1.0,4.0,200.0,False,-0.0008246129633979,-0.001025696454035,0.001025696454035,-1.2438518131261658
InteractionmarkX2xX4x200,0.0076079757967488,0.0016587665735523,0.0043567933125862,0.0108591582809115,50th,6,"{'type': 'interaction', 'mark1': 2, 'mark2': 4, 'range': 200}",interaction,2.0,4.0,200.0,False,0.0090150575949667,-0.0014070817982179008,0.0014070817982179008,-0.15608128598039972
InteractionmarkX3xX4x200,0.0004020437875844,0.0015290667587375,-0.0025949270595412,0.0033990146347101,50th,6,"{'type': 'interaction', 'mark1': 3, 'mark2': 4, 'range': 200}",interaction,3.0,4.0,200.0,False,0.001468862018512,-0.0010668182309276,0.0010668182309276,-0.7262888854457747
InteractionmarkX4xX4x200,0.0046373461803617,0.0015756862934344,0.0015490010452301,0.0077256913154933,50th,6,"{'type': 'interaction', 'mark1': 4, 'mark2': 4, 'range': 200}",interaction,4.0,4.0,200.0,False,0.0057268095254631,-0.0010894633451014003,0.0010894633451014003,-0.19023914122399355
InteractionmarkX0xX0x300,0.0025830075181208,0.001472776366735,-0.0003036341606798,0.0054696491969216,50th,6,"{'type': 'interaction', 'mark1': 0, 'mark2': 0, 'range': 300}",interaction,0.0,0.0,300.0,False,0.0031361524801809,-0.0005531449620600998,0.0005531449620600998,-0.17637692934831417
InteractionmarkX0xX1x300,-0.0008491351976581,0.0006139270112953,-0.0020524321397969,0.0003541617444806,50th,6,"{'type': 'interaction', 'mark1': 0, 'mark2': 1, 'range': 300}",interaction,0.0,1.0,300.0,False,2.54262020536383e-05,-0.0008745613997117383,0.0008745613997117383,-34.395933701518956
InteractionmarkX1xX1x300,0.0009391647706409,0.0004251560827374,0.0001058588484756,0.0017724706928062,50th,6,"{'type': 'interaction', 'mark1': 1, 'mark2': 1, 'range': 300}",interaction,1.0,1.0,300.0,False,0.0008137206858873,0.00012544408475360003,0.00012544408475360003,0.15416109177647822
InteractionmarkX0xX2x300,-0.0003304765942404,0.0013019746005936,-0.0028823468114038,0.002221393622923,50th,6,"{'type': 'interaction', 'mark1': 0, 'mark2': 2, 'range': 300}",interaction,0.0,2.0,300.0,False,0.0001805808920845,-0.0005110574863249,0.0005110574863249,-2.8300735333526066
InteractionmarkX1xX2x300,-0.0004397289076912,0.0004947728104027,-0.0014094836160805,0.000530025800698,50th,6,"{'type': 'interaction', 'mark1': 1, 'mark2': 2, 'range': 300}",interaction,1.0,2.0,300.0,False,-0.0007501356544771,0.0003104067467859,0.0003104067467859,0.413800761973113
InteractionmarkX2xX2x300,0.0019701035905008,0.0006158274891751,0.0007630817117175,0.0031771254692841,50th,6,"{'type': 'interaction', 'mark1': 2, 'mark2': 2, 'range': 300}",interaction,2.0,2.0,300.0,False,0.0018981566797569,7.194691074390003e-05,7.194691074390003e-05,0.037903565981053676
InteractionmarkX0xX3x300,-0.0001596780257711,0.0013393613188752,-0.0027848262107667,0.0024654701592243,50th,6,"{'type': 'interaction', 'mark1': 0, 'mark2': 3, 'range': 300}",interaction,0.0,3.0,300.0,False,0.0003557703849021,-0.0005154484106732,0.0005154484106732,-1.4488228578462314
InteractionmarkX1xX3x300,-0.0007127764963514,0.000664760616331,-0.0020157073043602,0.0005901543116572,50th,6,"{'type': 'interaction', 'mark1': 1, 'mark2': 3, 'range': 300}",interaction,1.0,3.0,300.0,False,-0.001727267373409,0.0010144908770576,0.0010144908770576,0.5873386100737269
InteractionmarkX2xX3x300,0.0012584395129568,0.0008589224648312,-0.0004250485181124,0.0029419275440261,50th,6,"{'type': 'interaction', 'mark1': 2, 'mark2': 3, 'range': 300}",interaction,2.0,3.0,300.0,False,0.0002148260696529,0.0010436134433039,0.0010436134433039,4.857943727200891
InteractionmarkX3xX3x300,0.0072403720752149,0.001803976997509,0.0037045771600972,0.0107761669903326,50th,6,"{'type': 'interaction', 'mark1': 3, 'mark2': 3, 'range': 300}",interaction,3.0,3.0,300.0,False,0.0050834988093742,0.0021568732658407003,0.0021568732658407003,0.42428911745477693
InteractionmarkX0xX4x300,-0.0009901100849173,0.0009938790568257,-0.0029381130362957,0.000957892866461,50th,6,"{'type': 'interaction', 'mark1': 0, 'mark2': 4, 'range': 300}",interaction,0.0,4.0,300.0,False,-0.0004929280575606,-0.0004971820273567,0.0004971820273567,-1.008629796717541
InteractionmarkX1xX4x300,0.0007938479568035,0.0005532329829333,-0.0002904886897458,0.0018781846033529,50th,6,"{'type': 'interaction', 'mark1': 1, 'mark2': 4, 'range': 300}",interaction,1.0,4.0,300.0,False,0.0006844353306579,0.00010941262614560002,0.00010941262614560002,0.15985821488000598
InteractionmarkX2xX4x300,0.0003145740007926,0.0011089589179998,-0.001858985478487,0.0024881334800723,50th,6,"{'type': 'interaction', 'mark1': 2, 'mark2': 4, 'range': 300}",interaction,2.0,4.0,300.0,False,-0.0003241084406706,0.0006386824414632,0.0006386824414632,1.9705819542481904
InteractionmarkX3xX4x300,0.0061368762824741,0.0011975998730879,0.0037895805312218,0.0084841720337265,50th,6,"{'type': 'interaction', 'mark1': 3, 'mark2': 4, 'range': 300}",interaction,3.0,4.0,300.0,False,0.0054697479024605,0.0006671283800135999,0.0006671283800135999,0.12196693151375536
InteractionmarkX4xX4x300,0.0022430299505356,0.0012377010966077,-0.0001828641988155,0.0046689240998869,50th,6,"{'type': 'interaction', 'mark1': 4, 'mark2': 4, 'range': 300}",interaction,4.0,4.0,300.0,False,0.0025793367128773,-0.00033630676234169994,0.00033630676234169994,-0.13038497363457674
InteractionmarkX0xX0x400,0.0023477917328092,0.0012672772678784,-0.0001360717122325,0.004831655177851,50th,6,"{'type': 'interaction', 'mark1': 0, 'mark2': 0, 'range': 400}",interaction,0.0,0.0,400.0,False,0.0023179445265305,2.984720627870023e-05,2.984720627870023e-05,0.0128765829593503
InteractionmarkX0xX1x400,-8.74387361253772e-05,0.0005270730228874,-0.0011205018609847,0.0009456243887339,50th,6,"{'type': 'interaction', 'mark1': 0, 'mark2': 1, 'range': 400}",interaction,0.0,1.0,400.0,False,0.000410679790943,-0.0004981185270683772,0.0004981185270683772,-1.212911900615833
InteractionmarkX1xX1x400,0.0009088912721127,0.0003624107437325,0.0001985662143968,0.0016192163298286,50th,6,"{'type': 'interaction', 'mark1': 1, 'mark2': 1, 'range': 400}",interaction,1.0,1.0,400.0,False,0.0009060586538223,2.832618290400028e-06,2.832618290400028e-06,0.003126307514220621
InteractionmarkX0xX2x400,0.0006731193173283,0.0009949892314175,-0.0012770595762501,0.0026232982109068,50th,6,"{'type': 'interaction', 'mark1': 0, 'mark2': 2, 'range': 400}",interaction,0.0,2.0,400.0,False,0.0012272019576499,-0.0005540826403215999,0.0005540826403215999,-0.45150074257752776
InteractionmarkX1xX2x400,-0.0006596324186608,0.0004058326012594,-0.0014550643171293,0.0001357994798076,50th,6,"{'type': 'interaction', 'mark1': 1, 'mark2': 2, 'range': 400}",interaction,1.0,2.0,400.0,False,-0.0003479161059207,-0.0003117163127401,0.0003117163127401,-0.8959522650438108
InteractionmarkX2xX2x400,-0.0006722193020878,0.0005493476657743,-0.0017489407270055,0.0004045021228299,50th,6,"{'type': 'interaction', 'mark1': 2, 'mark2': 2, 'range': 400}",interaction,2.0,2.0,400.0,False,0.0004378975488015,-0.0011101168508893,0.0011101168508893,-2.535105757995331
InteractionmarkX0xX3x400,0.0011246956482616,0.0011085895811927,-0.0010481399308762,0.0032975312273994,50th,6,"{'type': 'interaction', 'mark1': 0, 'mark2': 3, 'range': 400}",interaction,0.0,3.0,400.0,False,0.00140068917446,-0.00027599352619839994,0.00027599352619839994,-0.1970412219403923
InteractionmarkX1xX3x400,0.0002325990690254,0.0005496918076514,-0.0008447968739713,0.0013099950120222,50th,6,"{'type': 'interaction', 'mark1': 1, 'mark2': 3, 'range': 400}",interaction,1.0,3.0,400.0,False,8.5110400685908e-05,0.00014748866833949202,0.00014748866833949202,1.7329080095978353
InteractionmarkX2xX3x400,-0.0010650387911335,0.0007351660856383,-0.0025059643189846,0.0003758867367175,50th,6,"{'type': 'interaction', 'mark1': 2, 'mark2': 3, 'range': 400}",interaction,2.0,3.0,400.0,False,-0.0010649949721964,-4.381893709990911e-08,4.381893709990911e-08,-4.114473225640267e-05
InteractionmarkX3xX3x400,0.0038015439571602,0.0016619774748105,0.0005440681065315,0.0070590198077888,50th,6,"{'type': 'interaction', 'mark1': 3, 'mark2': 3, 'range': 400}",interaction,3.0,3.0,400.0,False,0.0029154698111891,0.0008860741459711004,0.0008860741459711004,0.3039215539733378
InteractionmarkX0xX4x400,-0.0014381423830372,0.0008896553377656,-0.0031818668450579,0.0003055820789834,50th,6,"{'type': 'interaction', 'mark1': 0, 'mark2': 4, 'range': 400}",interaction,0.0,4.0,400.0,False,-0.0010132734651741,-0.0004248689178630999,0.0004248689178630999,-0.4193032685996295
InteractionmarkX1xX4x400,6.53260180811451e-05,0.0004826217440325,-0.0008806126002226,0.0010112646363849,50th,6,"{'type': 'interaction', 'mark1': 1, 'mark2': 4, 'range': 400}",interaction,1.0,4.0,400.0,False,0.0004939909726202,-0.00042866495453905494,0.00042866495453905494,-0.867758504754659
InteractionmarkX2xX4x400,-0.0012832694649849,0.0008700678114283,-0.0029886023753845,0.0004220634454147,50th,6,"{'type': 'interaction', 'mark1': 2, 'mark2': 4, 'range': 400}",interaction,2.0,4.0,400.0,False,-0.000822126837981,-0.0004611426270039001,0.0004611426270039001,-0.5609141431813264
InteractionmarkX3xX4x400,-0.001220363669975,0.0010059814634504,-0.003192087338338,0.0007513599983878,50th,6,"{'type': 'interaction', 'mark1': 3, 'mark2': 4, 'range': 400}",interaction,3.0,4.0,400.0,False,-0.0008168706175872,-0.00040349305238780004,0.00040349305238780004,-0.49394970795329995
InteractionmarkX4xX4x400,0.0005423683853289,0.0011102209099599,-0.0016336645981926,0.0027184013688504,50th,6,"{'type': 'interaction', 'mark1': 4, 'mark2': 4, 'range': 400}",interaction,4.0,4.0,400.0,False,0.0007501457667963,-0.0002077773814674,0.0002077773814674,-0.27698263852971594
InteractionmarkX0xX0x500,0.0012483632771296,0.0009538681852681,-0.0006212183659959,0.0031179449202551,50th,6,"{'type': 'interaction', 'mark1': 0, 'mark2': 0, 'range': 500}",interaction,0.0,0.0,500.0,False,0.0008323975005623,0.00041596577656730007,0.00041596577656730007,0.4997200572013993
InteractionmarkX0xX1x500,0.0003418852082558,0.0003748296977236,-0.0003927809992824,0.0010765514157942,50th,6,"{'type': 'interaction', 'mark1': 0, 'mark2': 1, 'range': 500}",interaction,0.0,1.0,500.0,False,9.83708404445814e-06,0.0003320481242113419,0.0003320481242113419,33.75438771000772
InteractionmarkX1xX1x500,-0.0006503899523058,0.0002503007951325,-0.0011409795107657,-0.000159800393846,50th,6,"{'type': 'interaction', 'mark1': 1, 'mark2': 1, 'range': 500}",interaction,1.0,1.0,500.0,False,-0.0007529676692933,0.00010257771698750004,0.00010257771698750004,0.13623121887909576
InteractionmarkX0xX2x500,0.0003078658597114,0.0005627899653861,-0.0007952024724453,0.0014109341918682,50th,6,"{'type': 'interaction', 'mark1': 0, 'mark2': 2, 'range': 500}",interaction,0.0,2.0,500.0,False,-2.52834680467585e-05,0.0003331493277581585,0.0003331493277581585,13.176515559119045
InteractionmarkX1xX2x500,0.0012216804372878,0.0002376057222382,0.0007559732217009,0.0016873876528747,50th,6,"{'type': 'interaction', 'mark1': 1, 'mark2': 2, 'range': 500}",interaction,1.0,2.0,500.0,False,0.0010183554727453,0.00020332496454250008,0.00020332496454250008,0.1996600892499397
InteractionmarkX2xX2x500,0.0007923472915774,0.0003377905730119,0.000130277768474,0.0014544168146809,50th,6,"{'type': 'interaction', 'mark1': 2, 'mark2': 2, 'range': 500}",interaction,2.0,2.0,500.0,False,5.58883893862022e-05,0.0007364589021911978,0.0007364589021911978,13.177291250477337
InteractionmarkX0xX3x500,-0.000711196988848,0.000841484604353,-0.00236050681338,0.0009381128356839,50th,6,"{'type': 'interaction', 'mark1': 0, 'mark2': 3, 'range': 500}",interaction,0.0,3.0,500.0,False,-0.0013113119551462,0.0006001149662982001,0.0006001149662982001,0.4576446650841568
InteractionmarkX1xX3x500,0.000544203985804,0.0003995643631345,-0.0002389421659396,0.0013273501375478,50th,6,"{'type': 'interaction', 'mark1': 1, 'mark2': 3, 'range': 500}",interaction,1.0,3.0,500.0,False,2.8041544516559e-05,0.000516162441287441,0.000516162441287441,18.406996101196544
InteractionmarkX2xX3x500,0.0013872414465494,0.0004519428880358,0.0005014333859991,0.0022730495070997,50th,6,"{'type': 'interaction', 'mark1': 2, 'mark2': 3, 'range': 500}",interaction,2.0,3.0,500.0,False,0.0008996699291134,0.0004875715174360001,0.0004875715174360001,0.5419448260563802
InteractionmarkX3xX3x500,-0.0014420434418336,0.00133195487822,-0.0040526750031449,0.0011685881194776,50th,6,"{'type': 'interaction', 'mark1': 3, 'mark2': 3, 'range': 500}",interaction,3.0,3.0,500.0,False,-0.0020995814010349,0.0006575379592012999,0.0006575379592012999,0.3131757251991382
InteractionmarkX0xX4x500,-0.0011267484306358,0.0006468675325121,-0.0023946087943596,0.0001411119330879,50th,6,"{'type': 'interaction', 'mark1': 0, 'mark2': 4, 'range': 500}",interaction,0.0,4.0,500.0,False,-0.0014518375168686,0.0003250890862328002,0.0003250890862328002,0.22391559665878435
InteractionmarkX1xX4x500,4.83473263194807e-05,0.0003397249506931,-0.0006175135770391,0.000714208229678,50th,6,"{'type': 'interaction', 'mark1': 1, 'mark2': 4, 'range': 500}",interaction,1.0,4.0,500.0,False,-0.0007167967732288,0.0007651440995482807,0.0007651440995482807,1.067448991653244
InteractionmarkX2xX4x500,0.002020297649851,0.0004818519041,0.0010758679178148,0.0029647273818871,50th,6,"{'type': 'interaction', 'mark1': 2, 'mark2': 4, 'range': 500}",interaction,2.0,4.0,500.0,False,0.0014326600632654,0.0005876375865856002,0.0005876375865856002,0.4101723504660194
InteractionmarkX3xX4x500,0.0018340558535686,0.0007372964397567,0.0003889548316454,0.0032791568754919,50th,6,"{'type': 'interaction', 'mark1': 3, 'mark2': 4, 'range': 500}",interaction,3.0,4.0,500.0,False,0.0013762000429794,0.0004578558105892,0.0004578558105892,0.33269565689621755
InteractionmarkX4xX4x500,0.0050016762354329,0.0007729828049867,0.0034866299376588,0.0065167225332069,50th,6,"{'type': 'interaction', 'mark1': 4, 'mark2': 4, 'range': 500}",interaction,4.0,4.0,500.0,False,0.0044333790949833,0.0005682971404495996,0.0005682971404495996,0.1281859988635013
(Intercept),-10.611161091061,0.0541362800386631,-10.7172681999368,-10.5050539821852,60th,6,"{'type': 'intercept', 'mark1': None, 'mark2': None, 'range': None}",intercept,,,,False,-10.3247929167551,-0.286368174305899,0.286368174305899,-0.02773597268361735
marks1,1.2718921453167,0.0612801751506789,1.15178300202137,1.39200128861203,60th,6,"{'type': 'mark', 'mark1': 1, 'mark2': None, 'range': None}",mark,1.0,,,False,1.27403277017785,-0.0021406248611499645,0.0021406248611499645,-0.0016801960758694786
marks2,0.414421482489717,0.0613655268128104,0.294145049936609,0.534697915042825,60th,6,"{'type': 'mark', 'mark1': 2, 'mark2': None, 'range': None}",mark,2.0,,,False,0.51109353896266,-0.09667205647294297,0.09667205647294297,-0.18914748296415265
marks3,-0.360371816762078,0.0906348669837608,-0.538016156050249,-0.182727477473907,60th,6,"{'type': 'mark', 'mark1': 3, 'mark2': None, 'range': None}",mark,3.0,,,False,-0.416116244340398,0.05574442757831999,0.05574442757831999,0.1339635938829696
marks4,0.139199389276823,0.0792232317696285,-0.0160781449916488,0.294476923545295,60th,6,"{'type': 'mark', 'mark1': 4, 'mark2': None, 'range': None}",mark,4.0,,,False,0.0762266022271859,0.06297278704963709,0.06297278704963709,0.8261261177474535
InteractionmarkX0xX0x100,0.101717912290387,0.0027761329123839,0.0962766917821139,0.107159132798659,60th,6,"{'type': 'interaction', 'mark1': 0, 'mark2': 0, 'range': 100}",interaction,0.0,0.0,100.0,False,0.0992707683974456,0.0024471438929414002,0.0024471438929414002,0.024651203269413287
InteractionmarkX0xX1x100,0.027713894189421,0.0013721661400334,0.0250244485549555,0.0304033398238865,60th,6,"{'type': 'interaction', 'mark1': 0, 'mark2': 1, 'range': 100}",interaction,0.0,1.0,100.0,False,0.0228303199596623,0.0048835742297587,0.0048835742297587,0.2139073923184823
InteractionmarkX1xX1x100,0.0519013507288167,0.0009170106234856,0.0501040099067848,0.0536986915508487,60th,6,"{'type': 'interaction', 'mark1': 1, 'mark2': 1, 'range': 100}",interaction,1.0,1.0,100.0,False,0.0515504340166038,0.0003509167122128995,0.0003509167122128995,0.006807250379679601
InteractionmarkX0xX2x100,-0.0658054633062234,0.0045731270588183,-0.0747687923415073,-0.0568421342709395,60th,6,"{'type': 'interaction', 'mark1': 0, 'mark2': 2, 'range': 100}",interaction,0.0,2.0,100.0,False,-0.070112416649522,0.0043069533432986,0.0043069533432986,0.06142925237743946
InteractionmarkX1xX2x100,-0.0115934672744342,0.0013169855496904,-0.0141747589518275,-0.0090121755970409,60th,6,"{'type': 'interaction', 'mark1': 1, 'mark2': 2, 'range': 100}",interaction,1.0,2.0,100.0,False,-0.0123632211090873,0.0007697538346530999,0.0007697538346530999,0.06226159199410831
InteractionmarkX2xX2x100,0.0618652370119418,0.0012821630830579,0.0593521973691482,0.0643782766547355,60th,6,"{'type': 'interaction', 'mark1': 2, 'mark2': 2, 'range': 100}",interaction,2.0,2.0,100.0,False,0.057589259311356,0.004275977700585798,0.004275977700585798,0.07424956917821762
InteractionmarkX0xX3x100,0.0178877967044531,0.0030904744977249,0.0118304666889122,0.0239451267199939,60th,6,"{'type': 'interaction', 'mark1': 0, 'mark2': 3, 'range': 100}",interaction,0.0,3.0,100.0,False,0.014975594939782,0.0029122017646711004,0.0029122017646711004,0.19446317538201097
InteractionmarkX1xX3x100,0.0227703903367077,0.001524521319401,0.0197823285506817,0.0257584521227338,60th,6,"{'type': 'interaction', 'mark1': 1, 'mark2': 3, 'range': 100}",interaction,1.0,3.0,100.0,False,0.0228762662897688,-0.00010587595306109712,0.00010587595306109712,-0.004628200741203519
InteractionmarkX2xX3x100,0.0178291514292717,0.002063565321498,0.0137845633991355,0.0218737394594079,60th,6,"{'type': 'interaction', 'mark1': 2, 'mark2': 3, 'range': 100}",interaction,2.0,3.0,100.0,False,0.0163198827753526,0.0015092686539191005,0.0015092686539191005,0.09248036064024093
InteractionmarkX3xX3x100,0.125618416827321,0.0030768295006416,0.119587831006064,0.131649002648579,60th,6,"{'type': 'interaction', 'mark1': 3, 'mark2': 3, 'range': 100}",interaction,3.0,3.0,100.0,False,0.128649936033915,-0.003031519206594002,0.003031519206594002,-0.02356409414333806
InteractionmarkX0xX4x100,0.0207058534044549,0.0022854222317006,0.0162264258303217,0.0251852809785882,60th,6,"{'type': 'interaction', 'mark1': 0, 'mark2': 4, 'range': 100}",interaction,0.0,4.0,100.0,False,0.0151468363719414,0.0055590170325135,0.0055590170325135,0.36700845373297875
InteractionmarkX1xX4x100,0.0231247035175632,0.0012790427879642,0.0206177796531533,0.025631627381973,60th,6,"{'type': 'interaction', 'mark1': 1, 'mark2': 4, 'range': 100}",interaction,1.0,4.0,100.0,False,0.0200593891647648,0.003065314352798401,0.003065314352798401,0.15281194817744329
InteractionmarkX2xX4x100,-0.0660782717673106,0.0037690324498064,-0.0734655753689312,-0.05869096816569,60th,6,"{'type': 'interaction', 'mark1': 2, 'mark2': 4, 'range': 100}",interaction,2.0,4.0,100.0,False,-0.0679927851046423,0.001914513337331697,0.001914513337331697,0.028157595420888585
InteractionmarkX3xX4x100,0.0066437391758067,0.0028804462633574,0.0009980644996261,0.0122894138519875,60th,6,"{'type': 'interaction', 'mark1': 3, 'mark2': 4, 'range': 100}",interaction,3.0,4.0,100.0,False,0.0039121435100112,0.0027315956657955,0.0027315956657955,0.6982350184705209
InteractionmarkX4xX4x100,0.0741935073161271,0.0027475413662018,0.0688083262383715,0.0795786883938827,60th,6,"{'type': 'interaction', 'mark1': 4, 'mark2': 4, 'range': 100}",interaction,4.0,4.0,100.0,False,0.0696127024622544,0.0045808048538727025,0.0045808048538727025,0.06580415190426064
InteractionmarkX0xX0x200,0.0087736095349614,0.0018165164100928,0.0052132373711794,0.0123339816987434,60th,6,"{'type': 'interaction', 'mark1': 0, 'mark2': 0, 'range': 200}",interaction,0.0,0.0,200.0,False,0.009705838417781,-0.0009322288828196006,0.0009322288828196006,-0.09604825807803896
InteractionmarkX0xX1x200,-0.0046762720485028,0.0007942546491725,-0.0062330111608811,-0.0031195329361246,60th,6,"{'type': 'interaction', 'mark1': 0, 'mark2': 1, 'range': 200}",interaction,0.0,1.0,200.0,False,-0.0037177718030527,-0.0009585002454501001,0.0009585002454501001,-0.25781577526664984
InteractionmarkX1xX1x200,-0.0003462481908323,0.0005427110163536,-0.0014099617828856,0.0007174654012208,60th,6,"{'type': 'interaction', 'mark1': 1, 'mark2': 1, 'range': 200}",interaction,1.0,1.0,200.0,False,0.0010013407218007,-0.001347588912633,0.001347588912633,-1.3457844554960277
InteractionmarkX0xX2x200,0.0026605276484427,0.0019807152556203,-0.001221674252573,0.0065427295494584,60th,6,"{'type': 'interaction', 'mark1': 0, 'mark2': 2, 'range': 200}",interaction,0.0,2.0,200.0,False,0.004231570940046,-0.0015710432916033,0.0015710432916033,-0.3712671432750475
InteractionmarkX1xX2x200,0.0044187445366006,0.0007036538933873,0.0030395829055614,0.0057979061676398,60th,6,"{'type': 'interaction', 'mark1': 1, 'mark2': 2, 'range': 200}",interaction,1.0,2.0,200.0,False,0.0055702347434452,-0.0011514902068445994,0.0011514902068445994,-0.20672202146012228
InteractionmarkX2xX2x200,-0.0015418028349957,0.0008161362039761,-0.0031414297947889,5.78241247973753e-05,60th,6,"{'type': 'interaction', 'mark1': 2, 'mark2': 2, 'range': 200}",interaction,2.0,2.0,200.0,False,-0.0001576753233988,-0.0013841275115969,0.0013841275115969,-8.77833388210476
InteractionmarkX0xX3x200,0.0068031093876533,0.0016788253935233,0.0035126116163475,0.0100936071589591,60th,6,"{'type': 'interaction', 'mark1': 0, 'mark2': 3, 'range': 200}",interaction,0.0,3.0,200.0,False,0.0081299594437253,-0.0013268500560720004,0.0013268500560720004,-0.16320500107482858
InteractionmarkX1xX3x200,-0.0015465857273279,0.0008536295019386,-0.0032196995511276,0.0001265280964718,60th,6,"{'type': 'interaction', 'mark1': 1, 'mark2': 3, 'range': 200}",interaction,1.0,3.0,200.0,False,0.0002893058873867,-0.0018358916147146,0.0018358916147146,-6.345847285423309
InteractionmarkX2xX3x200,-0.0016362558154462,0.0011751089808232,-0.0039394694178597,0.0006669577869671,60th,6,"{'type': 'interaction', 'mark1': 2, 'mark2': 3, 'range': 200}",interaction,2.0,3.0,200.0,False,0.000846990308988,-0.0024832461244342,0.0024832461244342,-2.9318468049729502
InteractionmarkX3xX3x200,-0.0149284191735735,0.0021177264130893,-0.0190791629432286,-0.0107776754039184,60th,6,"{'type': 'interaction', 'mark1': 3, 'mark2': 3, 'range': 200}",interaction,3.0,3.0,200.0,False,-0.011758270793552,-0.0031701483800214997,0.0031701483800214997,-0.26961008201979303
InteractionmarkX0xX4x200,-0.0024337241453585,0.0012869287189712,-0.0049561044345421,8.86561438251379e-05,60th,6,"{'type': 'interaction', 'mark1': 0, 'mark2': 4, 'range': 200}",interaction,0.0,4.0,200.0,False,-0.0014641664990408,-0.0009695576463176999,0.0009695576463176999,-0.6621907964249923
InteractionmarkX1xX4x200,-0.0021104441857143,0.0007180317530688,-0.0035177864217293,-0.0007031019496993,60th,6,"{'type': 'interaction', 'mark1': 1, 'mark2': 4, 'range': 200}",interaction,1.0,4.0,200.0,False,-0.0008246129633979,-0.0012858312223163997,0.0012858312223163997,-1.55931464027262
InteractionmarkX2xX4x200,0.0072385353334403,0.0016562167187885,0.0039923505646148,0.0104847201022659,60th,6,"{'type': 'interaction', 'mark1': 2, 'mark2': 4, 'range': 200}",interaction,2.0,4.0,200.0,False,0.0090150575949667,-0.0017765222615264012,0.0017765222615264012,-0.19706166301279154
InteractionmarkX3xX4x200,0.0001592819402327,0.0015290827801728,-0.0028377203089059,0.0031562841893713,60th,6,"{'type': 'interaction', 'mark1': 3, 'mark2': 4, 'range': 200}",interaction,3.0,4.0,200.0,False,0.001468862018512,-0.0013095800782793,0.0013095800782793,-0.8915609312642243
InteractionmarkX4xX4x200,0.0045742338652422,0.0015803615710643,0.0014767251859561,0.0076717425445283,60th,6,"{'type': 'interaction', 'mark1': 4, 'mark2': 4, 'range': 200}",interaction,4.0,4.0,200.0,False,0.0057268095254631,-0.0011525756602209,0.0011525756602209,-0.2012596429076681
InteractionmarkX0xX0x300,0.0030514690118249,0.0014744035148881,0.0001616381226441,0.0059412999010056,60th,6,"{'type': 'interaction', 'mark1': 0, 'mark2': 0, 'range': 300}",interaction,0.0,0.0,300.0,False,0.0031361524801809,-8.468346835600014e-05,8.468346835600014e-05,-0.027002343218618344
InteractionmarkX0xX1x300,-0.0007891424078514,0.000615151511812,-0.0019948393710031,0.0004165545553001,60th,6,"{'type': 'interaction', 'mark1': 0, 'mark2': 1, 'range': 300}",interaction,0.0,1.0,300.0,False,2.54262020536383e-05,-0.0008145686099050383,0.0008145686099050383,-32.03645611487889
InteractionmarkX1xX1x300,0.0007114971690985,0.0004253448654125,-0.00012217876711,0.0015451731053071,60th,6,"{'type': 'interaction', 'mark1': 1, 'mark2': 1, 'range': 300}",interaction,1.0,1.0,300.0,False,0.0008137206858873,-0.00010222351678879993,0.00010222351678879993,-0.12562480713495974
InteractionmarkX0xX2x300,-0.0001051916712435,0.0012994657320039,-0.0026521445059713,0.0024417611634841,60th,6,"{'type': 'interaction', 'mark1': 0, 'mark2': 2, 'range': 300}",interaction,0.0,2.0,300.0,False,0.0001805808920845,-0.000285772563328,0.000285772563328,-1.5825174068945047
InteractionmarkX1xX2x300,-0.0007245996118948,0.0004966012922944,-0.001697938144792,0.0002487389210023,60th,6,"{'type': 'interaction', 'mark1': 1, 'mark2': 2, 'range': 300}",interaction,1.0,2.0,300.0,False,-0.0007501356544771,2.553604258229993e-05,2.553604258229993e-05,0.03404189499019472
InteractionmarkX2xX2x300,0.0018957044027127,0.0006267020535154,0.0006673683778224,0.0031240404276029,60th,6,"{'type': 'interaction', 'mark1': 2, 'mark2': 2, 'range': 300}",interaction,2.0,2.0,300.0,False,0.0018981566797569,-2.4522770442000907e-06,2.4522770442000907e-06,-0.001291925445965616
InteractionmarkX0xX3x300,-0.0001685066551914,0.0013394117989098,-0.0027937537810547,0.0024567404706718,60th,6,"{'type': 'interaction', 'mark1': 0, 'mark2': 3, 'range': 300}",interaction,0.0,3.0,300.0,False,0.0003557703849021,-0.0005242770400935,0.0005242770400935,-1.473638377387515
InteractionmarkX1xX3x300,-0.001090955610786,0.0006637003389819,-0.0023918082751906,0.0002098970536185,60th,6,"{'type': 'interaction', 'mark1': 1, 'mark2': 3, 'range': 300}",interaction,1.0,3.0,300.0,False,-0.001727267373409,0.000636311762623,0.000636311762623,0.3683921410082199
InteractionmarkX2xX3x300,0.0010157430480161,0.0008636799172359,-0.0006770695897664,0.0027085556857986,60th,6,"{'type': 'interaction', 'mark1': 2, 'mark2': 3, 'range': 300}",interaction,2.0,3.0,300.0,False,0.0002148260696529,0.0008009169783632,0.0008009169783632,3.728209554996309
InteractionmarkX3xX3x300,0.0066463018419967,0.001801211457425,0.0031159273854436,0.0101766762985499,60th,6,"{'type': 'interaction', 'mark1': 3, 'mark2': 3, 'range': 300}",interaction,3.0,3.0,300.0,False,0.0050834988093742,0.0015628030326225,0.0015628030326225,0.3074266485511822
InteractionmarkX0xX4x300,-0.001072035587388,0.0009985227956678,-0.003029140266897,0.0008850690921209,60th,6,"{'type': 'interaction', 'mark1': 0, 'mark2': 4, 'range': 300}",interaction,0.0,4.0,300.0,False,-0.0004929280575606,-0.0005791075298274001,0.0005791075298274001,-1.1748315062650998
InteractionmarkX1xX4x300,0.0004858893332272,0.0005550310920399,-0.0006019716071709,0.0015737502736255,60th,6,"{'type': 'interaction', 'mark1': 1, 'mark2': 4, 'range': 300}",interaction,1.0,4.0,300.0,False,0.0006844353306579,-0.0001985459974307,0.0001985459974307,-0.2900872581068043
InteractionmarkX2xX4x300,0.0001219277220649,0.0011069718465147,-0.0020477370971038,0.0022915925412338,60th,6,"{'type': 'interaction', 'mark1': 2, 'mark2': 4, 'range': 300}",interaction,2.0,4.0,300.0,False,-0.0003241084406706,0.0004460361627355,0.0004460361627355,1.3761937954878465
InteractionmarkX3xX4x300,0.0058455847216508,0.0011985625475335,0.0034964021284851,0.0081947673148166,60th,6,"{'type': 'interaction', 'mark1': 3, 'mark2': 4, 'range': 300}",interaction,3.0,4.0,300.0,False,0.0054697479024605,0.00037583681919029985,0.00037583681919029985,0.06871190757256719
InteractionmarkX4xX4x300,0.0018133634467671,0.0012439808320075,-0.0006248389839677,0.0042515658775019,60th,6,"{'type': 'interaction', 'mark1': 4, 'mark2': 4, 'range': 300}",interaction,4.0,4.0,300.0,False,0.0025793367128773,-0.0007659732661101999,0.0007659732661101999,-0.29696519752135125
InteractionmarkX0xX0x400,0.0024771273197632,0.0012737324559678,-1.93882939338399e-05,0.0049736429334602,60th,6,"{'type': 'interaction', 'mark1': 0, 'mark2': 0, 'range': 400}",interaction,0.0,0.0,400.0,False,0.0023179445265305,0.0001591827932326999,0.0001591827932326999,0.06867411387258407
InteractionmarkX0xX1x400,-4.24979692890706e-05,0.0005283956183615,-0.0010781533812776,0.0009931574426995,60th,6,"{'type': 'interaction', 'mark1': 0, 'mark2': 1, 'range': 400}",interaction,0.0,1.0,400.0,False,0.000410679790943,-0.00045317776023207063,0.00045317776023207063,-1.1034817390047693
InteractionmarkX1xX1x400,0.0008623909577526,0.0003620329772035,0.0001528063224337,0.0015719755930715,60th,6,"{'type': 'interaction', 'mark1': 1, 'mark2': 1, 'range': 400}",interaction,1.0,1.0,400.0,False,0.0009060586538223,-4.366769606969998e-05,4.366769606969998e-05,-0.04819521458788783
InteractionmarkX0xX2x400,0.0008288871860673,0.0009923195639705,-0.0011160591593149,0.0027738335314496,60th,6,"{'type': 'interaction', 'mark1': 0, 'mark2': 2, 'range': 400}",interaction,0.0,2.0,400.0,False,0.0012272019576499,-0.0003983147715826,0.0003983147715826,-0.3245714665320684
InteractionmarkX1xX2x400,-0.0006226841515459,0.0004061765227932,-0.0014187901362207,0.0001734218331288,60th,6,"{'type': 'interaction', 'mark1': 1, 'mark2': 2, 'range': 400}",interaction,1.0,2.0,400.0,False,-0.0003479161059207,-0.00027476804562520007,0.00027476804562520007,-0.7897535123380471
InteractionmarkX2xX2x400,-0.0006863616758354,0.0005570014373102,-0.0017780844929634,0.0004053611412926,60th,6,"{'type': 'interaction', 'mark1': 2, 'mark2': 2, 'range': 400}",interaction,2.0,2.0,400.0,False,0.0004378975488015,-0.0011242592246369,0.0011242592246369,-2.5674018294319034
InteractionmarkX0xX3x400,0.0011611021743607,0.0011080357629657,-0.001010647921052,0.0033328522697736,60th,6,"{'type': 'interaction', 'mark1': 0, 'mark2': 3, 'range': 400}",interaction,0.0,3.0,400.0,False,0.00140068917446,-0.0002395870000993,0.0002395870000993,-0.17104935724710726
InteractionmarkX1xX3x400,0.0001489274604028,0.0005483173972924,-0.0009257746382904,0.001223629559096,60th,6,"{'type': 'interaction', 'mark1': 1, 'mark2': 3, 'range': 400}",interaction,1.0,3.0,400.0,False,8.5110400685908e-05,6.381705971689201e-05,6.381705971689201e-05,0.7498141733697778
InteractionmarkX2xX3x400,-0.0010670876809247,0.0007373648780412,-0.0025123228418854,0.000378147480036,60th,6,"{'type': 'interaction', 'mark1': 2, 'mark2': 3, 'range': 400}",interaction,2.0,3.0,400.0,False,-0.0010649949721964,-2.092708728299985e-06,2.092708728299985e-06,-0.0019649938135244817
InteractionmarkX3xX3x400,0.0034550615474649,0.0016568178359878,0.0002076985889288,0.006702424506001,60th,6,"{'type': 'interaction', 'mark1': 3, 'mark2': 3, 'range': 400}",interaction,3.0,3.0,400.0,False,0.0029154698111891,0.0005395917362758002,0.0005395917362758002,0.18507882184101257
InteractionmarkX0xX4x400,-0.0012214699308612,0.0008928807732607,-0.0029715162464522,0.0005285763847298,60th,6,"{'type': 'interaction', 'mark1': 0, 'mark2': 4, 'range': 400}",interaction,0.0,4.0,400.0,False,-0.0010132734651741,-0.0002081964656870999,0.0002081964656870999,-0.205469157434624
InteractionmarkX1xX4x400,0.0002248968591209,0.0004835493931442,-0.0007228599514417,0.0011726536696836,60th,6,"{'type': 'interaction', 'mark1': 1, 'mark2': 4, 'range': 400}",interaction,1.0,4.0,400.0,False,0.0004939909726202,-0.0002690941134993,0.0002690941134993,-0.5447347703511846
InteractionmarkX2xX4x400,-0.0012985453544331,0.0008690273451967,-0.0030018389510187,0.0004047482421524,60th,6,"{'type': 'interaction', 'mark1': 2, 'mark2': 4, 'range': 400}",interaction,2.0,4.0,400.0,False,-0.000822126837981,-0.0004764185164521,0.0004764185164521,-0.579495080920351
InteractionmarkX3xX4x400,-0.0011127645560111,0.0010054617501833,-0.0030834695863704,0.0008579404743481,60th,6,"{'type': 'interaction', 'mark1': 3, 'mark2': 4, 'range': 400}",interaction,3.0,4.0,400.0,False,-0.0008168706175872,-0.0002958939384239,0.0002958939384239,-0.3622286024621927
InteractionmarkX4xX4x400,0.0005822725659969,0.0011128180329326,-0.001598850778551,0.0027633959105448,60th,6,"{'type': 'interaction', 'mark1': 4, 'mark2': 4, 'range': 400}",interaction,4.0,4.0,400.0,False,0.0007501457667963,-0.00016787320079940003,0.00016787320079940003,-0.22378741019576331
InteractionmarkX0xX0x500,0.0009611787322573,0.0009541053668364,-0.000908867786742,0.0028312252512567,60th,6,"{'type': 'interaction', 'mark1': 0, 'mark2': 0, 'range': 500}",interaction,0.0,0.0,500.0,False,0.0008323975005623,0.000128781231695,0.000128781231695,0.15471120004191014
InteractionmarkX0xX1x500,0.0002624431574511,0.0003722869629072,-0.000467239289847,0.0009921256047494,60th,6,"{'type': 'interaction', 'mark1': 0, 'mark2': 1, 'range': 500}",interaction,0.0,1.0,500.0,False,9.83708404445814e-06,0.0002526060734066419,0.0002526060734066419,25.678697507845207
InteractionmarkX1xX1x500,-0.00060441833788,0.0002456422460534,-0.0010858771401447,-0.0001229595356152,60th,6,"{'type': 'interaction', 'mark1': 1, 'mark2': 1, 'range': 500}",interaction,1.0,1.0,500.0,False,-0.0007529676692933,0.0001485493314133,0.0001485493314133,0.19728511295074605
InteractionmarkX0xX2x500,0.0001635902755743,0.000559839659905,-0.0009336954578395,0.0012608760089881,60th,6,"{'type': 'interaction', 'mark1': 0, 'mark2': 2, 'range': 500}",interaction,0.0,2.0,500.0,False,-2.52834680467585e-05,0.0001888737436210585,0.0001888737436210585,7.470217149405587
InteractionmarkX1xX2x500,0.0013023682595464,0.0002353392087322,0.0008411034104312,0.0017636331086617,60th,6,"{'type': 'interaction', 'mark1': 1, 'mark2': 2, 'range': 500}",interaction,1.0,2.0,500.0,False,0.0010183554727453,0.0002840127868010999,0.0002840127868010999,0.27889353620902124
InteractionmarkX2xX2x500,0.0008688195563868,0.0003375939160844,0.0002071354808614,0.0015305036319123,60th,6,"{'type': 'interaction', 'mark1': 2, 'mark2': 2, 'range': 500}",interaction,2.0,2.0,500.0,False,5.58883893862022e-05,0.0008129311670005977,0.0008129311670005977,14.545592051756097
InteractionmarkX0xX3x500,-0.0010330920114023,0.0008360764218495,-0.0026718017982273,0.0006056177754227,60th,6,"{'type': 'interaction', 'mark1': 0, 'mark2': 3, 'range': 500}",interaction,0.0,3.0,500.0,False,-0.0013113119551462,0.0002782199437439,0.0002782199437439,0.21216913445738195
InteractionmarkX1xX3x500,0.0004048882426115,0.0003927349401889,-0.0003648722401587,0.0011746487253818,60th,6,"{'type': 'interaction', 'mark1': 1, 'mark2': 3, 'range': 500}",interaction,1.0,3.0,500.0,False,2.8041544516559e-05,0.00037684669809494103,0.00037684669809494103,13.438823028813719
InteractionmarkX2xX3x500,0.0012378112329872,0.0004518621160311,0.0003521614855662,0.0021234609804083,60th,6,"{'type': 'interaction', 'mark1': 2, 'mark2': 3, 'range': 500}",interaction,2.0,3.0,500.0,False,0.0008996699291134,0.00033814130387379996,0.00033814130387379996,0.37585035950017015
InteractionmarkX3xX3x500,-0.0018516234885393,0.0013221456770802,-0.0044430290156166,0.0007397820385378,60th,6,"{'type': 'interaction', 'mark1': 3, 'mark2': 3, 'range': 500}",interaction,3.0,3.0,500.0,False,-0.0020995814010349,0.00024795791249559974,0.00024795791249559974,0.1180987317583906
InteractionmarkX0xX4x500,-0.0013321776805273,0.0006463860556178,-0.0025990943495383,-6.52610115164025e-05,60th,6,"{'type': 'interaction', 'mark1': 0, 'mark2': 4, 'range': 500}",interaction,0.0,4.0,500.0,False,-0.0014518375168686,0.00011965983634130008,0.00011965983634130008,0.0824195729267497
InteractionmarkX1xX4x500,-2.63023232466895e-05,0.0003369711926774,-0.0006867658608944,0.000634161214401,60th,6,"{'type': 'interaction', 'mark1': 1, 'mark2': 4, 'range': 500}",interaction,1.0,4.0,500.0,False,-0.0007167967732288,0.0006904944499821105,0.0006904944499821105,0.9633056110747098
InteractionmarkX2xX4x500,0.001967109364582,0.000480193692699,0.0010259297268919,0.0029082890022722,60th,6,"{'type': 'interaction', 'mark1': 2, 'mark2': 4, 'range': 500}",interaction,2.0,4.0,500.0,False,0.0014326600632654,0.0005344493013165999,0.0005344493013165999,0.3730468083222562
InteractionmarkX3xX4x500,0.0016275324332343,0.0007362830033019,0.0001844177467625,0.0030706471197062,60th,6,"{'type': 'interaction', 'mark1': 3, 'mark2': 4, 'range': 500}",interaction,3.0,4.0,500.0,False,0.0013762000429794,0.00025133239025490017,0.00025133239025490017,0.18262778966929835
InteractionmarkX4xX4x500,0.0048155203549965,0.0007711960912212,0.0033039760162029,0.0063270646937902,60th,6,"{'type': 'interaction', 'mark1': 4, 'mark2': 4, 'range': 500}",interaction,4.0,4.0,500.0,False,0.0044333790949833,0.0003821412600132001,0.0003821412600132001,0.08619638501611177
(Intercept),-10.5741749010862,0.0559664306254472,-10.6838691051121,-10.4644806970603,70th,6,"{'type': 'intercept', 'mark1': None, 'mark2': None, 'range': None}",intercept,,,,False,-10.3247929167551,-0.24938198433109982,0.24938198433109982,-0.02415370325965441
marks1,1.17707112162915,0.0636238718847832,1.05236833273498,1.30177391052333,70th,6,"{'type': 'mark', 'mark1': 1, 'mark2': None, 'range': None}",mark,1.0,,,False,1.27403277017785,-0.09696164854869993,0.09696164854869993,-0.07610608675909793
marks2,0.41365360802373,0.0626600686816293,0.290839873407737,0.536467342639723,70th,6,"{'type': 'mark', 'mark1': 2, 'mark2': None, 'range': None}",mark,2.0,,,False,0.51109353896266,-0.09743993093892994,0.09743993093892994,-0.1906498977029405
marks3,-0.419012058488115,0.0949981625970404,-0.605208457178315,-0.232815659797916,70th,6,"{'type': 'mark', 'mark1': 3, 'mark2': None, 'range': None}",mark,3.0,,,False,-0.416116244340398,-0.002895814147717002,0.002895814147717002,-0.006959147080670581
marks4,0.15165023505157,0.0824151223927243,-0.0098834048381694,0.31318387494131,70th,6,"{'type': 'mark', 'mark1': 4, 'mark2': None, 'range': None}",mark,4.0,,,False,0.0762266022271859,0.0754236328243841,0.0754236328243841,0.9894660200207372
InteractionmarkX0xX0x100,0.102436598600101,0.0028026810196303,0.0969433438016251,0.107929853398576,70th,6,"{'type': 'interaction', 'mark1': 0, 'mark2': 0, 'range': 100}",interaction,0.0,0.0,100.0,False,0.0992707683974456,0.003165830202655401,0.003165830202655401,0.03189086022575581
InteractionmarkX0xX1x100,0.0294275638076191,0.001382598989731,0.0267176697877462,0.0321374578274921,70th,6,"{'type': 'interaction', 'mark1': 0, 'mark2': 1, 'range': 100}",interaction,0.0,1.0,100.0,False,0.0228303199596623,0.006597243847956801,0.006597243847956801,0.2889685221545854
InteractionmarkX1xX1x100,0.0553890395047034,0.0009281895115265,0.0535697880621113,0.0572082909472955,70th,6,"{'type': 'interaction', 'mark1': 1, 'mark2': 1, 'range': 100}",interaction,1.0,1.0,100.0,False,0.0515504340166038,0.0038386054880995973,0.0038386054880995973,0.07446310693362768
InteractionmarkX0xX2x100,-0.0632654473067893,0.0045650489733512,-0.0722129432945578,-0.0543179513190208,70th,6,"{'type': 'interaction', 'mark1': 0, 'mark2': 2, 'range': 100}",interaction,0.0,2.0,100.0,False,-0.070112416649522,0.006846969342732698,0.006846969342732698,0.09765701512178124
InteractionmarkX1xX2x100,-0.0084142900717263,0.0013261069955417,-0.0110134597829881,-0.0058151203604645,70th,6,"{'type': 'interaction', 'mark1': 1, 'mark2': 2, 'range': 100}",interaction,1.0,2.0,100.0,False,-0.0123632211090873,0.003948931037361001,0.003948931037361001,0.3194095592545436
InteractionmarkX2xX2x100,0.0643026242973586,0.0012963530362428,0.0617617723463227,0.0668434762483946,70th,6,"{'type': 'interaction', 'mark1': 2, 'mark2': 2, 'range': 100}",interaction,2.0,2.0,100.0,False,0.057589259311356,0.0067133649860025985,0.0067133649860025985,0.116573212689705
InteractionmarkX0xX3x100,0.0200194565930769,0.0031009199770706,0.0139416534380185,0.0260972597481353,70th,6,"{'type': 'interaction', 'mark1': 0, 'mark2': 3, 'range': 100}",interaction,0.0,3.0,100.0,False,0.014975594939782,0.005043861653294901,0.005043861653294901,0.336805425086356
InteractionmarkX1xX3x100,0.0264495935128815,0.0015292716107344,0.023452221155842,0.029446965869921,70th,6,"{'type': 'interaction', 'mark1': 1, 'mark2': 3, 'range': 100}",interaction,1.0,3.0,100.0,False,0.0228762662897688,0.003573327223112703,0.003573327223112703,0.1562023785800484
InteractionmarkX2xX3x100,0.0213797452003457,0.002076297143461,0.0173102027991621,0.0254492876015294,70th,6,"{'type': 'interaction', 'mark1': 2, 'mark2': 3, 'range': 100}",interaction,2.0,3.0,100.0,False,0.0163198827753526,0.0050598624249931015,0.0050598624249931015,0.31004281486816615
InteractionmarkX3xX3x100,0.131005952633447,0.0030792273590739,0.124970667009662,0.137041238257232,70th,6,"{'type': 'interaction', 'mark1': 3, 'mark2': 3, 'range': 100}",interaction,3.0,3.0,100.0,False,0.128649936033915,0.002356016599531996,0.002356016599531996,0.018313391132037237
InteractionmarkX0xX4x100,0.0217973934708636,0.0023001264510687,0.0172891456267688,0.0263056413149584,70th,6,"{'type': 'interaction', 'mark1': 0, 'mark2': 4, 'range': 100}",interaction,0.0,4.0,100.0,False,0.0151468363719414,0.0066505570989222,0.0066505570989222,0.4390723509322858
InteractionmarkX1xX4x100,0.025678699441673,0.0012900022003631,0.0231502951289613,0.0282071037543847,70th,6,"{'type': 'interaction', 'mark1': 1, 'mark2': 4, 'range': 100}",interaction,1.0,4.0,100.0,False,0.0200593891647648,0.0056193102769082,0.0056193102769082,0.2801336672188104
InteractionmarkX2xX4x100,-0.0633159511997419,0.0037709067158886,-0.0707069283628836,-0.0559249740366002,70th,6,"{'type': 'interaction', 'mark1': 2, 'mark2': 4, 'range': 100}",interaction,2.0,4.0,100.0,False,-0.0679927851046423,0.004676833904900396,0.004676833904900396,0.06878426719576534
InteractionmarkX3xX4x100,0.0093100253872599,0.0028868198749329,0.0036518584323913,0.0149681923421285,70th,6,"{'type': 'interaction', 'mark1': 3, 'mark2': 4, 'range': 100}",interaction,3.0,4.0,100.0,False,0.0039121435100112,0.005397881877248701,0.005397881877248701,1.3797760039880664
InteractionmarkX4xX4x100,0.075599519643166,0.0027545376969887,0.0702006257570681,0.0809984135292638,70th,6,"{'type': 'interaction', 'mark1': 4, 'mark2': 4, 'range': 100}",interaction,4.0,4.0,100.0,False,0.0696127024622544,0.005986817180911597,0.005986817180911597,0.08600179220965609
InteractionmarkX0xX0x200,0.0086797231916635,0.0018275237869775,0.0050977765691874,0.0122616698141396,70th,6,"{'type': 'interaction', 'mark1': 0, 'mark2': 0, 'range': 200}",interaction,0.0,0.0,200.0,False,0.009705838417781,-0.0010261152261175008,0.0010261152261175008,-0.10572144016590301
InteractionmarkX0xX1x200,-0.0049428849639444,0.000801779936312,-0.0065143736391161,-0.0033713962887727,70th,6,"{'type': 'interaction', 'mark1': 0, 'mark2': 1, 'range': 200}",interaction,0.0,1.0,200.0,False,-0.0037177718030527,-0.0012251131608916996,0.0012251131608916996,-0.3295288664389945
InteractionmarkX1xX1x200,-0.0005191819468179,0.0005491426801753,-0.0015955015999616,0.0005571377063258,70th,6,"{'type': 'interaction', 'mark1': 1, 'mark2': 1, 'range': 200}",interaction,1.0,1.0,200.0,False,0.0010013407218007,-0.0015205226686186,0.0015205226686186,-1.5184866486160635
InteractionmarkX0xX2x200,0.0025022380554924,0.0019843684924118,-0.0013871241896348,0.0063916003006196,70th,6,"{'type': 'interaction', 'mark1': 0, 'mark2': 2, 'range': 200}",interaction,0.0,2.0,200.0,False,0.004231570940046,-0.0017293328845535997,0.0017293328845535997,-0.40867395777781884
InteractionmarkX1xX2x200,0.0042818798510845,0.0007110106006595,0.0028882990737918,0.0056754606283772,70th,6,"{'type': 'interaction', 'mark1': 1, 'mark2': 2, 'range': 200}",interaction,1.0,2.0,200.0,False,0.0055702347434452,-0.0012883548923606995,0.0012883548923606995,-0.23129274232966626
InteractionmarkX2xX2x200,-0.0014055120710816,0.0008205116134323,-0.003013714833409,0.0002026906912456,70th,6,"{'type': 'interaction', 'mark1': 2, 'mark2': 2, 'range': 200}",interaction,2.0,2.0,200.0,False,-0.0001576753233988,-0.0012478367476828,0.0012478367476828,-7.913958439335934
InteractionmarkX0xX3x200,0.006650773408149,0.0016859904551999,0.0033462321159571,0.009955314700341,70th,6,"{'type': 'interaction', 'mark1': 0, 'mark2': 3, 'range': 200}",interaction,0.0,3.0,200.0,False,0.0081299594437253,-0.0014791860355763,0.0014791860355763,-0.18194260717052835
InteractionmarkX1xX3x200,-0.0014121093232293,0.000857115186184,-0.00309205508815,0.0002678364416915,70th,6,"{'type': 'interaction', 'mark1': 1, 'mark2': 3, 'range': 200}",interaction,1.0,3.0,200.0,False,0.0002893058873867,-0.001701415210616,0.001701415210616,-5.881023154705086
InteractionmarkX2xX3x200,-0.0012334388525143,0.0011809553552995,-0.0035481113489014,0.0010812336438727,70th,6,"{'type': 'interaction', 'mark1': 2, 'mark2': 3, 'range': 200}",interaction,2.0,3.0,200.0,False,0.000846990308988,-0.0020804291615022998,0.0020804291615022998,-2.4562605897604386
InteractionmarkX3xX3x200,-0.0144918136766811,0.0021153028992119,-0.0186378073591365,-0.0103458199942257,70th,6,"{'type': 'interaction', 'mark1': 3, 'mark2': 3, 'range': 200}",interaction,3.0,3.0,200.0,False,-0.011758270793552,-0.0027335428831290996,0.0027335428831290996,-0.23247830466536706
InteractionmarkX0xX4x200,-0.0026040899834353,0.001297108740988,-0.0051464231157718,-6.17568510988238e-05,70th,6,"{'type': 'interaction', 'mark1': 0, 'mark2': 4, 'range': 200}",interaction,0.0,4.0,200.0,False,-0.0014641664990408,-0.0011399234843945001,0.0011399234843945001,-0.7785476633200641
InteractionmarkX1xX4x200,-0.0019795095206177,0.0007245277820294,-0.0033995839733954,-0.00055943506784,70th,6,"{'type': 'interaction', 'mark1': 1, 'mark2': 4, 'range': 200}",interaction,1.0,4.0,200.0,False,-0.0008246129633979,-0.0011548965572198,0.0011548965572198,-1.4005314837736549
InteractionmarkX2xX4x200,0.0071495690742755,0.0016635654196723,0.0038889808517177,0.0104101572968334,70th,6,"{'type': 'interaction', 'mark1': 2, 'mark2': 4, 'range': 200}",interaction,2.0,4.0,200.0,False,0.0090150575949667,-0.0018654885206912004,0.0018654885206912004,-0.20693029194175236
InteractionmarkX3xX4x200,0.0003081820878452,0.0015332554936995,-0.0026969986798058,0.0033133628554963,70th,6,"{'type': 'interaction', 'mark1': 3, 'mark2': 4, 'range': 200}",interaction,3.0,4.0,200.0,False,0.001468862018512,-0.0011606799306667999,0.0011606799306667999,-0.790189845621863
InteractionmarkX4xX4x200,0.004823720779478,0.0015866562200682,0.0017138745881442,0.0079335669708118,70th,6,"{'type': 'interaction', 'mark1': 4, 'mark2': 4, 'range': 200}",interaction,4.0,4.0,200.0,False,0.0057268095254631,-0.0009030887459851008,0.0009030887459851008,-0.1576949130576472
InteractionmarkX0xX0x300,0.0038170973105615,0.0014797026226496,0.0009168801701683,0.0067173144509547,70th,6,"{'type': 'interaction', 'mark1': 0, 'mark2': 0, 'range': 300}",interaction,0.0,0.0,300.0,False,0.0031361524801809,0.0006809448303806,0.0006809448303806,0.2171274556869046
InteractionmarkX0xX1x300,-0.000537362505925,0.000618815494253,-0.0017502408746609,0.0006755158628108,70th,6,"{'type': 'interaction', 'mark1': 0, 'mark2': 1, 'range': 300}",interaction,0.0,1.0,300.0,False,2.54262020536383e-05,-0.0005627887079786383,0.0005627887079786383,-22.134115562357515
InteractionmarkX1xX1x300,0.0004553597106999,0.0004298376853006,-0.0003871221524892,0.0012978415738891,70th,6,"{'type': 'interaction', 'mark1': 1, 'mark2': 1, 'range': 300}",interaction,1.0,1.0,300.0,False,0.0008137206858873,-0.00035836097518739997,0.00035836097518739997,-0.4403979613186787
InteractionmarkX0xX2x300,-5.8527161828032e-05,0.001301639358077,-0.0026097403036589,0.0024926859800028,70th,6,"{'type': 'interaction', 'mark1': 0, 'mark2': 2, 'range': 300}",interaction,0.0,2.0,300.0,False,0.0001805808920845,-0.000239108053912532,0.000239108053912532,-1.3241042213382301
InteractionmarkX1xX2x300,-0.000858184525714,0.000503408000982,-0.0018448642076387,0.0001284951562107,70th,6,"{'type': 'interaction', 'mark1': 1, 'mark2': 2, 'range': 300}",interaction,1.0,2.0,300.0,False,-0.0007501356544771,-0.00010804887123690003,0.00010804887123690003,-0.14403908971412524
InteractionmarkX2xX2x300,0.0015613275816622,0.0006330403328988,0.0003205685291804,0.002802086634144,70th,6,"{'type': 'interaction', 'mark1': 2, 'mark2': 2, 'range': 300}",interaction,2.0,2.0,300.0,False,0.0018981566797569,-0.0003368290980947002,0.0003368290980947002,-0.1774506203527816
InteractionmarkX0xX3x300,0.0001394379194758,0.0013415111752475,-0.0024899239840093,0.0027687998229609,70th,6,"{'type': 'interaction', 'mark1': 0, 'mark2': 3, 'range': 300}",interaction,0.0,3.0,300.0,False,0.0003557703849021,-0.00021633246542629997,0.00021633246542629997,-0.6080674890325143
InteractionmarkX1xX3x300,-0.0015114499301305,0.0006664584281696,-0.002817708449343,-0.000205191410918,70th,6,"{'type': 'interaction', 'mark1': 1, 'mark2': 3, 'range': 300}",interaction,1.0,3.0,300.0,False,-0.001727267373409,0.00021581744327849994,0.00021581744327849994,0.12494732089903512
InteractionmarkX2xX3x300,0.000592896984913,0.0008690379280613,-0.0011104173540872,0.0022962113239134,70th,6,"{'type': 'interaction', 'mark1': 2, 'mark2': 3, 'range': 300}",interaction,2.0,3.0,300.0,False,0.0002148260696529,0.0003780709152601,0.0003780709152601,1.7598922695077541
InteractionmarkX3xX3x300,0.0063076949706974,0.0018062054357023,0.0027675323167208,0.0098478576246741,70th,6,"{'type': 'interaction', 'mark1': 3, 'mark2': 3, 'range': 300}",interaction,3.0,3.0,300.0,False,0.0050834988093742,0.0012241961613232,0.0012241961613232,0.2408176303659134
InteractionmarkX0xX4x300,-0.0008292993218982,0.0010026003044791,-0.0027943959186773,0.0011357972748809,70th,6,"{'type': 'interaction', 'mark1': 0, 'mark2': 4, 'range': 300}",interaction,0.0,4.0,300.0,False,-0.0004929280575606,-0.0003363712643376,0.0003363712643376,-0.6823940957283353
InteractionmarkX1xX4x300,0.0004555007891362,0.000559614716244,-0.0006413440547021,0.0015523456329746,70th,6,"{'type': 'interaction', 'mark1': 1, 'mark2': 4, 'range': 300}",interaction,1.0,4.0,300.0,False,0.0006844353306579,-0.00022893454152170001,0.00022893454152170001,-0.3344866897110239
InteractionmarkX2xX4x300,0.0001855324749175,0.0011110265542446,-0.001992079571402,0.0023631445212371,70th,6,"{'type': 'interaction', 'mark1': 2, 'mark2': 4, 'range': 300}",interaction,2.0,4.0,300.0,False,-0.0003241084406706,0.0005096409155880999,0.0005096409155880999,1.5724390185263937
InteractionmarkX3xX4x300,0.005776396444617,0.0012018032528863,0.0034208620689599,0.0081319308202741,70th,6,"{'type': 'interaction', 'mark1': 3, 'mark2': 4, 'range': 300}",interaction,3.0,4.0,300.0,False,0.0054697479024605,0.0003066485421564999,0.0003066485421564999,0.05606264530259123
InteractionmarkX4xX4x300,0.0017740419698624,0.0012491446328151,-0.0006742815104553,0.0042223654501801,70th,6,"{'type': 'interaction', 'mark1': 4, 'mark2': 4, 'range': 300}",interaction,4.0,4.0,300.0,False,0.0025793367128773,-0.0008052947430148998,0.0008052947430148998,-0.312209998707605
InteractionmarkX0xX0x400,0.0023129939529271,0.0012819965177131,-0.0001997192217906,0.0048257071276448,70th,6,"{'type': 'interaction', 'mark1': 0, 'mark2': 0, 'range': 400}",interaction,0.0,0.0,400.0,False,0.0023179445265305,-4.950573603400114e-06,4.950573603400114e-06,-0.0021357600810378865
InteractionmarkX0xX1x400,0.0002000501909073,0.0005318307706547,-0.000842338119576,0.0012424385013906,70th,6,"{'type': 'interaction', 'mark1': 0, 'mark2': 1, 'range': 400}",interaction,0.0,1.0,400.0,False,0.000410679790943,-0.00021062960003570002,0.00021062960003570002,-0.512880237578845
InteractionmarkX1xX1x400,0.0008483533866619,0.000365431221044,0.0001321081934155,0.0015645985799082,70th,6,"{'type': 'interaction', 'mark1': 1, 'mark2': 1, 'range': 400}",interaction,1.0,1.0,400.0,False,0.0009060586538223,-5.770526716039994e-05,5.770526716039994e-05,-0.06368821769776459
InteractionmarkX0xX2x400,0.001094734375038,0.000995601702663,-0.0008566449621815,0.0030461137122576,70th,6,"{'type': 'interaction', 'mark1': 0, 'mark2': 2, 'range': 400}",interaction,0.0,2.0,400.0,False,0.0012272019576499,-0.00013246758261189996,0.00013246758261189996,-0.1079427644259139
InteractionmarkX1xX2x400,-0.0005478768895108,0.0004102216495484,-0.0013519113226257,0.0002561575436039,70th,6,"{'type': 'interaction', 'mark1': 1, 'mark2': 2, 'range': 400}",interaction,1.0,2.0,400.0,False,-0.0003479161059207,-0.00019996078359009998,0.00019996078359009998,-0.5747383427021987
InteractionmarkX2xX2x400,-0.0003731277482819,0.0005648546322738,-0.0014802428275388,0.0007339873309748,70th,6,"{'type': 'interaction', 'mark1': 2, 'mark2': 2, 'range': 400}",interaction,2.0,2.0,400.0,False,0.0004378975488015,-0.0008110252970833999,0.0008110252970833999,-1.8520887227943066
InteractionmarkX0xX3x400,0.0011750115485466,0.0011113204931717,-0.00100317661807,0.0033531997151633,70th,6,"{'type': 'interaction', 'mark1': 0, 'mark2': 3, 'range': 400}",interaction,0.0,3.0,400.0,False,0.00140068917446,-0.00022567762591339997,0.00022567762591339997,-0.1611189790829263
InteractionmarkX1xX3x400,0.0001211295329865,0.000550988450025,-0.0009588078290625,0.0012010668950355,70th,6,"{'type': 'interaction', 'mark1': 1, 'mark2': 3, 'range': 400}",interaction,1.0,3.0,400.0,False,8.5110400685908e-05,3.6019132300592e-05,3.6019132300592e-05,0.4232043286117784
InteractionmarkX2xX3x400,-0.0011678627545063,0.000743991556518,-0.0026260862052816,0.000290360696269,70th,6,"{'type': 'interaction', 'mark1': 2, 'mark2': 3, 'range': 400}",interaction,2.0,3.0,400.0,False,-0.0010649949721964,-0.0001028677823099,0.0001028677823099,-0.09658991388359187
InteractionmarkX3xX3x400,0.0029744174002089,0.0016608088347641,-0.0002807679159287,0.0062296027163467,70th,6,"{'type': 'interaction', 'mark1': 3, 'mark2': 3, 'range': 400}",interaction,3.0,3.0,400.0,False,0.0029154698111891,5.8947589019800115e-05,5.8947589019800115e-05,0.02021889809034518
InteractionmarkX0xX4x400,-0.0010889866644032,0.0008978212632985,-0.0028487163404683,0.0006707430116618,70th,6,"{'type': 'interaction', 'mark1': 0, 'mark2': 4, 'range': 400}",interaction,0.0,4.0,400.0,False,-0.0010132734651741,-7.571319922909984e-05,7.571319922909984e-05,-0.07472138012017597
InteractionmarkX1xX4x400,0.0003348489952573,0.0004867356905753,-0.0006191529582703,0.001288850948785,70th,6,"{'type': 'interaction', 'mark1': 1, 'mark2': 4, 'range': 400}",interaction,1.0,4.0,400.0,False,0.0004939909726202,-0.0001591419773629,0.0001591419773629,-0.3221555736195554
InteractionmarkX2xX4x400,-0.0013763307869816,0.0008724814649813,-0.003086394458345,0.0003337328843816,70th,6,"{'type': 'interaction', 'mark1': 2, 'mark2': 4, 'range': 400}",interaction,2.0,4.0,400.0,False,-0.000822126837981,-0.0005542039490006,0.0005542039490006,-0.6741099499325833
InteractionmarkX3xX4x400,-0.0011536241793818,0.0010093248805917,-0.0031319009453415,0.0008246525865779,70th,6,"{'type': 'interaction', 'mark1': 3, 'mark2': 4, 'range': 400}",interaction,3.0,4.0,400.0,False,-0.0008168706175872,-0.00033675356179459996,0.00033675356179459996,-0.4122482965104596
InteractionmarkX4xX4x400,0.0004363665981336,0.0011165431680239,-0.0017520580111933,0.0026247912074605,70th,6,"{'type': 'interaction', 'mark1': 4, 'mark2': 4, 'range': 400}",interaction,4.0,4.0,400.0,False,0.0007501457667963,-0.0003137791686627,0.0003137791686627,-0.41829087188439557
InteractionmarkX0xX0x500,0.0008127533275221,0.0009582699856542,-0.00106545584436,0.0026909624994044,70th,6,"{'type': 'interaction', 'mark1': 0, 'mark2': 0, 'range': 500}",interaction,0.0,0.0,500.0,False,0.0008323975005623,-1.9644173040199984e-05,1.9644173040199984e-05,-0.023599507046788676
InteractionmarkX0xX1x500,0.0001349886945542,0.0003720468185988,-0.0005942230698994,0.0008642004590079,70th,6,"{'type': 'interaction', 'mark1': 0, 'mark2': 1, 'range': 500}",interaction,0.0,1.0,500.0,False,9.83708404445814e-06,0.00012515161050974185,0.00012515161050974185,12.722300400615872
InteractionmarkX1xX1x500,-0.0006077888662486,0.0002439774699784,-0.0010859847074063,-0.0001295930250909,70th,6,"{'type': 'interaction', 'mark1': 1, 'mark2': 1, 'range': 500}",interaction,1.0,1.0,500.0,False,-0.0007529676692933,0.0001451788030447,0.0001451788030447,0.19280878805869467
InteractionmarkX0xX2x500,2.38406790546747e-05,0.0005610060215287,-0.0010757311231416,0.0011234124812509,70th,6,"{'type': 'interaction', 'mark1': 0, 'mark2': 2, 'range': 500}",interaction,0.0,2.0,500.0,False,-2.52834680467585e-05,4.91241471014332e-05,4.91241471014332e-05,1.942927794470496
InteractionmarkX1xX2x500,0.0012518183955208,0.0002354537435681,0.0007903290581272,0.0017133077329145,70th,6,"{'type': 'interaction', 'mark1': 1, 'mark2': 2, 'range': 500}",interaction,1.0,2.0,500.0,False,0.0010183554727453,0.00023346292277549993,0.00023346292277549993,0.22925481926330177
InteractionmarkX2xX2x500,0.0007111355562354,0.000338919091613,4.68541366738996e-05,0.0013754169757969,70th,6,"{'type': 'interaction', 'mark1': 2, 'mark2': 2, 'range': 500}",interaction,2.0,2.0,500.0,False,5.58883893862022e-05,0.0006552471668491977,0.0006552471668491977,11.724188183389435
InteractionmarkX0xX3x500,-0.0011770895114308,0.0008359113023484,-0.0028154756640338,0.0004612966411722,70th,6,"{'type': 'interaction', 'mark1': 0, 'mark2': 3, 'range': 500}",interaction,0.0,3.0,500.0,False,-0.0013113119551462,0.00013422244371540017,0.00013422244371540017,0.10235736275636963
InteractionmarkX1xX3x500,0.0002811005436577,0.0003893638622545,-0.0004820526263611,0.0010442537136766,70th,6,"{'type': 'interaction', 'mark1': 1, 'mark2': 3, 'range': 500}",interaction,1.0,3.0,500.0,False,2.8041544516559e-05,0.00025305899914114104,0.00025305899914114104,9.024399371146226
InteractionmarkX2xX3x500,0.0010959688066364,0.0004534673593084,0.0002071727823919,0.0019847648308809,70th,6,"{'type': 'interaction', 'mark1': 2, 'mark2': 3, 'range': 500}",interaction,2.0,3.0,500.0,False,0.0008996699291134,0.00019629887752299993,0.00019629887752299993,0.21818985980498545
InteractionmarkX3xX3x500,-0.0020774310812584,0.0013197231806806,-0.0046640885153926,0.0005092263528756,70th,6,"{'type': 'interaction', 'mark1': 3, 'mark2': 3, 'range': 500}",interaction,3.0,3.0,500.0,False,-0.0020995814010349,2.2150319776499845e-05,2.2150319776499845e-05,0.010549873756070808
InteractionmarkX0xX4x500,-0.001454328106832,0.0006488300400827,-0.0027260349853942,-0.0001826212282697,70th,6,"{'type': 'interaction', 'mark1': 0, 'mark2': 4, 'range': 500}",interaction,0.0,4.0,500.0,False,-0.0014518375168686,-2.490589963399922e-06,2.490589963399922e-06,-0.001715474192473231
InteractionmarkX1xX4x500,-0.0001036934495552,0.0003364240808445,-0.0007630846480105,0.0005556977488999,70th,6,"{'type': 'interaction', 'mark1': 1, 'mark2': 4, 'range': 500}",interaction,1.0,4.0,500.0,False,-0.0007167967732288,0.0006131033236736,0.0006131033236736,0.8553376089824247
InteractionmarkX2xX4x500,0.0018061478730781,0.000481126532812,0.0008631398687663,0.0027491558773898,70th,6,"{'type': 'interaction', 'mark1': 2, 'mark2': 4, 'range': 500}",interaction,2.0,4.0,500.0,False,0.0014326600632654,0.0003734878098127,0.0003734878098127,0.2606953270491067
InteractionmarkX3xX4x500,0.0014465552585785,0.0007379645758107,1.4468998949164e-07,0.0028929658271676,70th,6,"{'type': 'interaction', 'mark1': 3, 'mark2': 4, 'range': 500}",interaction,3.0,4.0,500.0,False,0.0013762000429794,7.035521559910001e-05,7.035521559910001e-05,0.051122807941862816
InteractionmarkX4xX4x500,0.004648681584311,0.0007745067459073,0.0031306483623327,0.0061667148062893,70th,6,"{'type': 'interaction', 'mark1': 4, 'mark2': 4, 'range': 500}",interaction,4.0,4.0,500.0,False,0.0044333790949833,0.00021530248932769957,0.00021530248932769957,0.04856396889562942
(Intercept),-10.4577957720099,0.0566126148885516,-10.5687564971914,-10.3468350468283,80th,6,"{'type': 'intercept', 'mark1': None, 'mark2': None, 'range': None}",intercept,,,,False,-10.3247929167551,-0.1330028552547997,0.1330028552547997,-0.012881890835570576
marks1,1.02423993797071,0.0647699047100788,0.897290924738956,1.15118895120246,80th,6,"{'type': 'mark', 'mark1': 1, 'mark2': None, 'range': None}",mark,1.0,,,False,1.27403277017785,-0.2497928322071401,0.2497928322071401,-0.19606468376214808
marks2,0.356787619098498,0.0629921806969601,0.233322944932456,0.48025229326454,80th,6,"{'type': 'mark', 'mark1': 2, 'mark2': None, 'range': None}",mark,2.0,,,False,0.51109353896266,-0.15430591986416198,0.15430591986416198,-0.30191326649747396
marks3,-0.448714675352019,0.0975247992110388,-0.639863281805655,-0.257566068898383,80th,6,"{'type': 'mark', 'mark1': 3, 'mark2': None, 'range': None}",mark,3.0,,,False,-0.416116244340398,-0.032598431011620965,0.032598431011620965,-0.07833972224626806
marks4,0.134579959154424,0.0838844815317184,-0.029833624647744,0.298993542956592,80th,6,"{'type': 'mark', 'mark1': 4, 'mark2': None, 'range': None}",mark,4.0,,,False,0.0762266022271859,0.0583533569272381,0.0583533569272381,0.7655248318266787
InteractionmarkX0xX0x100,0.100181182995651,0.0028276974144381,0.0946388960633526,0.10572346992795,80th,6,"{'type': 'interaction', 'mark1': 0, 'mark2': 0, 'range': 100}",interaction,0.0,0.0,100.0,False,0.0992707683974456,0.0009104145982054002,0.0009104145982054002,0.009171023978008458
InteractionmarkX0xX1x100,0.0286274082970477,0.001394309125632,0.025894562410809,0.0313602541832864,80th,6,"{'type': 'interaction', 'mark1': 0, 'mark2': 1, 'range': 100}",interaction,0.0,1.0,100.0,False,0.0228303199596623,0.0057970883373854,0.0057970883373854,0.2539205899100807
InteractionmarkX1xX1x100,0.0568130061325704,0.0009459138907512,0.0549590149066979,0.0586669973584428,80th,6,"{'type': 'interaction', 'mark1': 1, 'mark2': 1, 'range': 100}",interaction,1.0,1.0,100.0,False,0.0515504340166038,0.0052625721159665975,0.0052625721159665975,0.10208589328390512
InteractionmarkX0xX2x100,-0.0643302625543979,0.0045691209450255,-0.0732857396066478,-0.0553747855021479,80th,6,"{'type': 'interaction', 'mark1': 0, 'mark2': 2, 'range': 100}",interaction,0.0,2.0,100.0,False,-0.070112416649522,0.005782154095124101,0.005782154095124101,0.08246975875587004
InteractionmarkX1xX2x100,-0.0071737440988364,0.0013390841168576,-0.0097983489678774,-0.0045491392297954,80th,6,"{'type': 'interaction', 'mark1': 1, 'mark2': 2, 'range': 100}",interaction,1.0,2.0,100.0,False,-0.0123632211090873,0.0051894770102509005,0.0051894770102509005,0.4197512058132953
InteractionmarkX2xX2x100,0.0629160464660598,0.0013049049891475,0.0603584326873307,0.065473660244789,80th,6,"{'type': 'interaction', 'mark1': 2, 'mark2': 2, 'range': 100}",interaction,2.0,2.0,100.0,False,0.057589259311356,0.005326787154703805,0.005326787154703805,0.0924961912889857
InteractionmarkX0xX3x100,0.0187916703032306,0.0031161941567368,0.0126839297560264,0.0248994108504349,80th,6,"{'type': 'interaction', 'mark1': 0, 'mark2': 3, 'range': 100}",interaction,0.0,3.0,100.0,False,0.014975594939782,0.0038160753634485997,0.0038160753634485997,0.25481961506780637
InteractionmarkX1xX3x100,0.0278867749489728,0.0015394680313863,0.0248694176074556,0.03090413229049,80th,6,"{'type': 'interaction', 'mark1': 1, 'mark2': 3, 'range': 100}",interaction,1.0,3.0,100.0,False,0.0228762662897688,0.005010508659204001,0.005010508659204001,0.2190265043182442
InteractionmarkX2xX3x100,0.0209986123885641,0.0020847670077279,0.0169124690534173,0.025084755723711,80th,6,"{'type': 'interaction', 'mark1': 2, 'mark2': 3, 'range': 100}",interaction,2.0,3.0,100.0,False,0.0163198827753526,0.004678729613211502,0.004678729613211502,0.28668892105087584
InteractionmarkX3xX3x100,0.131992832640402,0.0030874358076053,0.125941458457495,0.138044206823308,80th,6,"{'type': 'interaction', 'mark1': 3, 'mark2': 3, 'range': 100}",interaction,3.0,3.0,100.0,False,0.128649936033915,0.0033428966064870114,0.0033428966064870114,0.025984440466471005
InteractionmarkX0xX4x100,0.0206369540614501,0.0023058871464128,0.0161174152544809,0.0251564928684194,80th,6,"{'type': 'interaction', 'mark1': 0, 'mark2': 4, 'range': 100}",interaction,0.0,4.0,100.0,False,0.0151468363719414,0.005490117689508701,0.005490117689508701,0.36245969246969906
InteractionmarkX1xX4x100,0.0258464793577883,0.0013013013881818,0.0232959286369519,0.0283970300786247,80th,6,"{'type': 'interaction', 'mark1': 1, 'mark2': 4, 'range': 100}",interaction,1.0,4.0,100.0,False,0.0200593891647648,0.005787090193023502,0.005787090193023502,0.28849782596266677
InteractionmarkX2xX4x100,-0.0629697071322174,0.0037752379958903,-0.0703691736041625,-0.0555702406602723,80th,6,"{'type': 'interaction', 'mark1': 2, 'mark2': 4, 'range': 100}",interaction,2.0,4.0,100.0,False,-0.0679927851046423,0.005023077972424891,0.005023077972424891,0.07387663201774436
InteractionmarkX3xX4x100,0.0091370161495333,0.0028959916875602,0.0034608724419153,0.0148131598571514,80th,6,"{'type': 'interaction', 'mark1': 3, 'mark2': 4, 'range': 100}",interaction,3.0,4.0,100.0,False,0.0039121435100112,0.0052248726395221,0.0052248726395221,1.3355523621759742
InteractionmarkX4xX4x100,0.0750888755210418,0.0027494482726969,0.0696999569065558,0.0804777941355278,80th,6,"{'type': 'interaction', 'mark1': 4, 'mark2': 4, 'range': 100}",interaction,4.0,4.0,100.0,False,0.0696127024622544,0.005476173058787406,0.005476173058787406,0.07866629016292083
InteractionmarkX0xX0x200,0.0091077406588252,0.00183451087175,0.0055120993501952,0.0127033819674552,80th,6,"{'type': 'interaction', 'mark1': 0, 'mark2': 0, 'range': 200}",interaction,0.0,0.0,200.0,False,0.009705838417781,-0.0005980977589557998,0.0005980977589557998,-0.06162247165560097
InteractionmarkX0xX1x200,-0.0041646494095965,0.0008079261721528,-0.0057481847070162,-0.0025811141121769,80th,6,"{'type': 'interaction', 'mark1': 0, 'mark2': 1, 'range': 200}",interaction,0.0,1.0,200.0,False,-0.0037177718030527,-0.00044687760654380003,0.00044687760654380003,-0.12020038297047334
InteractionmarkX1xX1x200,6.0127412825814e-05,0.0005567319069698,-0.001031067124835,0.0011513219504866,80th,6,"{'type': 'interaction', 'mark1': 1, 'mark2': 1, 'range': 200}",interaction,1.0,1.0,200.0,False,0.0010013407218007,-0.000941213308974886,0.000941213308974886,-0.939952999501521
InteractionmarkX0xX2x200,0.0032764530320283,0.0019896615971411,-0.0006232836983683,0.007176189762425,80th,6,"{'type': 'interaction', 'mark1': 0, 'mark2': 2, 'range': 200}",interaction,0.0,2.0,200.0,False,0.004231570940046,-0.0009551179080176998,0.0009551179080176998,-0.22571236521349222
InteractionmarkX1xX2x200,0.0047344438873149,0.0007183155597022,0.0033265453902985,0.0061423423843314,80th,6,"{'type': 'interaction', 'mark1': 1, 'mark2': 2, 'range': 200}",interaction,1.0,2.0,200.0,False,0.0055702347434452,-0.0008357908561302998,0.0008357908561302998,-0.15004589207110733
InteractionmarkX2xX2x200,-0.0006969948359316,0.0008214687729204,-0.0023070736308556,0.0009130839589923,80th,6,"{'type': 'interaction', 'mark1': 2, 'mark2': 2, 'range': 200}",interaction,2.0,2.0,200.0,False,-0.0001576753233988,-0.0005393195125328,0.0005393195125328,-3.4204411880266714
InteractionmarkX0xX3x200,0.0072854412751789,0.0016929688775082,0.0039672222752629,0.010603660275095,80th,6,"{'type': 'interaction', 'mark1': 0, 'mark2': 3, 'range': 200}",interaction,0.0,3.0,200.0,False,0.0081299594437253,-0.0008445181685464006,0.0008445181685464006,-0.10387729041015947
InteractionmarkX1xX3x200,-0.0006481245064309,0.0008617700583464,-0.00233719382079,0.0010409448079281,80th,6,"{'type': 'interaction', 'mark1': 1, 'mark2': 3, 'range': 200}",interaction,1.0,3.0,200.0,False,0.0002893058873867,-0.0009374303938176,0.0009374303938176,-3.240273048910621
InteractionmarkX2xX3x200,-0.000206729608751,0.0011853139242704,-0.0025299449003211,0.0021164856828189,80th,6,"{'type': 'interaction', 'mark1': 2, 'mark2': 3, 'range': 200}",interaction,2.0,3.0,200.0,False,0.000846990308988,-0.0010537199177389999,0.0010537199177389999,-1.2440753833304963
InteractionmarkX3xX3x200,-0.0134769406125574,0.002125732909567,-0.0176433771153089,-0.009310504109806,80th,6,"{'type': 'interaction', 'mark1': 3, 'mark2': 3, 'range': 200}",interaction,3.0,3.0,200.0,False,-0.011758270793552,-0.0017186698190054008,0.0017186698190054008,-0.14616688410775472
InteractionmarkX0xX4x200,-0.0025021621883733,0.001300245603534,-0.0050506435712999,4.63191945533421e-05,80th,6,"{'type': 'interaction', 'mark1': 0, 'mark2': 4, 'range': 200}",interaction,0.0,4.0,200.0,False,-0.0014641664990408,-0.0010379956893325,0.0010379956893325,-0.7089327744619419
InteractionmarkX1xX4x200,-0.0016484324726239,0.0007285135789295,-0.0030763190873258,-0.0002205458579219,80th,6,"{'type': 'interaction', 'mark1': 1, 'mark2': 4, 'range': 200}",interaction,1.0,4.0,200.0,False,-0.0008246129633979,-0.0008238195092260001,0.0008238195092260001,-0.9990376648065336
InteractionmarkX2xX4x200,0.0075586435173893,0.0016654922199375,0.0042942787663117,0.010823008268467,80th,6,"{'type': 'interaction', 'mark1': 2, 'mark2': 4, 'range': 200}",interaction,2.0,4.0,200.0,False,0.0090150575949667,-0.0014564140775774007,0.0014564140775774007,-0.16155349492555637
InteractionmarkX3xX4x200,0.000596370341575,0.001538458920614,-0.0024190091428284,0.0036117498259785,80th,6,"{'type': 'interaction', 'mark1': 3, 'mark2': 4, 'range': 200}",interaction,3.0,4.0,200.0,False,0.001468862018512,-0.0008724916769369999,0.0008724916769369999,-0.5939915434818752
InteractionmarkX4xX4x200,0.0045900572159745,0.0015862484432023,0.0014810102672979,0.0076991041646512,80th,6,"{'type': 'interaction', 'mark1': 4, 'mark2': 4, 'range': 200}",interaction,4.0,4.0,200.0,False,0.0057268095254631,-0.0011367523094886,0.0011367523094886,-0.19849661222092332
InteractionmarkX0xX0x300,0.0040409828768638,0.0014853707340831,0.0011296562380608,0.0069523095156667,80th,6,"{'type': 'interaction', 'mark1': 0, 'mark2': 0, 'range': 300}",interaction,0.0,0.0,300.0,False,0.0031361524801809,0.0009048303966828998,0.0009048303966828998,0.28851606340872205
InteractionmarkX0xX1x300,-0.0002231274007857,0.0006238969242038,-0.0014459653722253,0.0009997105706538,80th,6,"{'type': 'interaction', 'mark1': 0, 'mark2': 1, 'range': 300}",interaction,0.0,1.0,300.0,False,2.54262020536383e-05,-0.0002485536028393383,0.0002485536028393383,-9.775452297978669
InteractionmarkX1xX1x300,0.0002626659981652,0.000437859429168,-0.000595538483004,0.0011208704793345,80th,6,"{'type': 'interaction', 'mark1': 1, 'mark2': 1, 'range': 300}",interaction,1.0,1.0,300.0,False,0.0008137206858873,-0.0005510546877221,0.0005510546877221,-0.6772036517676235
InteractionmarkX0xX2x300,0.0001565265541056,0.0013078115928732,-0.0024067841679258,0.0027198372761372,80th,6,"{'type': 'interaction', 'mark1': 0, 'mark2': 2, 'range': 300}",interaction,0.0,2.0,300.0,False,0.0001805808920845,-2.405433797889999e-05,2.405433797889999e-05,-0.1332052598738861
InteractionmarkX1xX2x300,-0.0010280425049867,0.0005121417665361,-0.0020318403673975,-2.42446425758854e-05,80th,6,"{'type': 'interaction', 'mark1': 1, 'mark2': 2, 'range': 300}",interaction,1.0,2.0,300.0,False,-0.0007501356544771,-0.0002779068505096001,0.0002779068505096001,-0.3704754090855484
InteractionmarkX2xX2x300,0.0015987787841531,0.0006324171050874,0.0003592412581817,0.0028383163101245,80th,6,"{'type': 'interaction', 'mark1': 2, 'mark2': 2, 'range': 300}",interaction,2.0,2.0,300.0,False,0.0018981566797569,-0.0002993778956038001,0.0002993778956038001,-0.15772032046907203
InteractionmarkX0xX3x300,0.0003810798051868,0.0013433265279492,-0.0022518401895937,0.0030139997999674,80th,6,"{'type': 'interaction', 'mark1': 0, 'mark2': 3, 'range': 300}",interaction,0.0,3.0,300.0,False,0.0003557703849021,2.5309420284699998e-05,2.5309420284699998e-05,0.07113974137473653
InteractionmarkX1xX3x300,-0.0017861420299051,0.0006712174579707,-0.0031017282475277,-0.0004705558122825,80th,6,"{'type': 'interaction', 'mark1': 1, 'mark2': 3, 'range': 300}",interaction,1.0,3.0,300.0,False,-0.001727267373409,-5.8874656496100096e-05,5.8874656496100096e-05,-0.03408543112312702
InteractionmarkX2xX3x300,0.0005110095563015,0.000873523652043,-0.0012010968017028,0.0022231159143059,80th,6,"{'type': 'interaction', 'mark1': 2, 'mark2': 3, 'range': 300}",interaction,2.0,3.0,300.0,False,0.0002148260696529,0.0002961834866486,0.0002961834866486,1.3787123194867321
InteractionmarkX3xX3x300,0.0060086593394957,0.0018059387170638,0.0024690194540507,0.0095482992249408,80th,6,"{'type': 'interaction', 'mark1': 3, 'mark2': 3, 'range': 300}",interaction,3.0,3.0,300.0,False,0.0050834988093742,0.0009251605301215,0.0009251605301215,0.1819928648780592
InteractionmarkX0xX4x300,-0.0007713948839784,0.0010039917971825,-0.0027392188064563,0.0011964290384994,80th,6,"{'type': 'interaction', 'mark1': 0, 'mark2': 4, 'range': 300}",interaction,0.0,4.0,300.0,False,-0.0004929280575606,-0.0002784668264178001,0.0002784668264178001,-0.5649237564270524
InteractionmarkX1xX4x300,0.0006516165931654,0.0005650474598705,-0.0004558764281807,0.0017591096145116,80th,6,"{'type': 'interaction', 'mark1': 1, 'mark2': 4, 'range': 300}",interaction,1.0,4.0,300.0,False,0.0006844353306579,-3.281873749250001e-05,3.281873749250001e-05,-0.047950085606985084
InteractionmarkX2xX4x300,-0.0001232959120314,0.0011138956315257,-0.0023065313498218,0.0020599395257589,80th,6,"{'type': 'interaction', 'mark1': 2, 'mark2': 4, 'range': 300}",interaction,2.0,4.0,300.0,False,-0.0003241084406706,0.0002008125286392,0.0002008125286392,0.6195841930721938
InteractionmarkX3xX4x300,0.0057697404547503,0.0012015381016104,0.0034147257755937,0.0081247551339068,80th,6,"{'type': 'interaction', 'mark1': 3, 'mark2': 4, 'range': 300}",interaction,3.0,4.0,300.0,False,0.0054697479024605,0.0002999925522897996,0.0002999925522897996,0.0548457720821602
InteractionmarkX4xX4x300,0.0021607127202613,0.0012463421706549,-0.0002821179342222,0.0046035433747449,80th,6,"{'type': 'interaction', 'mark1': 4, 'mark2': 4, 'range': 300}",interaction,4.0,4.0,300.0,False,0.0025793367128773,-0.00041862399261600016,0.00041862399261600016,-0.16229908033957652
InteractionmarkX0xX0x400,0.002427341661883,0.0012905547764798,-0.0001021457000174,0.0049568290237834,80th,6,"{'type': 'interaction', 'mark1': 0, 'mark2': 0, 'range': 400}",interaction,0.0,0.0,400.0,False,0.0023179445265305,0.00010939713535250027,0.00010939713535250027,0.047195750105664055
InteractionmarkX0xX1x400,0.0002912999098064,0.0005371027837947,-0.0007614215464311,0.001344021366044,80th,6,"{'type': 'interaction', 'mark1': 0, 'mark2': 1, 'range': 400}",interaction,0.0,1.0,400.0,False,0.000410679790943,-0.00011937988113660001,0.00011937988113660001,-0.290688401768299
InteractionmarkX1xX1x400,0.0008683942132056,0.0003710970055712,0.000141044082286,0.0015957443441253,80th,6,"{'type': 'interaction', 'mark1': 1, 'mark2': 1, 'range': 400}",interaction,1.0,1.0,400.0,False,0.0009060586538223,-3.76644406167e-05,3.76644406167e-05,-0.041569534489688184
InteractionmarkX0xX2x400,0.0008310416113161,0.0010026460135222,-0.0011341445751874,0.0027962277978196,80th,6,"{'type': 'interaction', 'mark1': 0, 'mark2': 2, 'range': 400}",interaction,0.0,2.0,400.0,False,0.0012272019576499,-0.00039616034633379997,0.00039616034633379997,-0.322815907832203
InteractionmarkX1xX2x400,-0.0003231380058544,0.0004183423609369,-0.0011430890332909,0.0004968130215819,80th,6,"{'type': 'interaction', 'mark1': 1, 'mark2': 2, 'range': 400}",interaction,1.0,2.0,400.0,False,-0.0003479161059207,2.4778100066299958e-05,2.4778100066299958e-05,0.07121858552328429
InteractionmarkX2xX2x400,-4.96192707131927e-05,0.0005650284502811,-0.0011570750332643,0.0010578364918379,80th,6,"{'type': 'interaction', 'mark1': 2, 'mark2': 2, 'range': 400}",interaction,2.0,2.0,400.0,False,0.0004378975488015,-0.00048751681951469266,0.00048751681951469266,-1.1133122565261482
InteractionmarkX0xX3x400,0.0011975957542032,0.001115442208368,-0.000988670974198,0.0033838624826045,80th,6,"{'type': 'interaction', 'mark1': 0, 'mark2': 3, 'range': 400}",interaction,0.0,3.0,400.0,False,0.00140068917446,-0.00020309342025679996,0.00020309342025679996,-0.14499534190771715
InteractionmarkX1xX3x400,-5.84350993242647e-06,0.0005552389744664,-0.0010941118998865,0.0010824248800217,80th,6,"{'type': 'interaction', 'mark1': 1, 'mark2': 3, 'range': 400}",interaction,1.0,3.0,400.0,False,8.5110400685908e-05,-9.095391061833448e-05,9.095391061833448e-05,-1.068656744882644
InteractionmarkX2xX3x400,-0.0013288577439302,0.0007481541682434,-0.0027952399136875,0.0001375244258269,80th,6,"{'type': 'interaction', 'mark1': 2, 'mark2': 3, 'range': 400}",interaction,2.0,3.0,400.0,False,-0.0010649949721964,-0.0002638627717337998,0.0002638627717337998,-0.24775961750660552
InteractionmarkX3xX3x400,0.0023436971081154,0.0016637922107863,-0.0009173356250257,0.0056047298412566,80th,6,"{'type': 'interaction', 'mark1': 3, 'mark2': 3, 'range': 400}",interaction,3.0,3.0,400.0,False,0.0029154698111891,-0.0005717727030736999,0.0005717727030736999,-0.19611682524293222
InteractionmarkX0xX4x400,-0.0011001973518281,0.0009021353081506,-0.0028683825558034,0.0006679878521471,80th,6,"{'type': 'interaction', 'mark1': 0, 'mark2': 4, 'range': 400}",interaction,0.0,4.0,400.0,False,-0.0010132734651741,-8.692388665400004e-05,8.692388665400004e-05,-0.08578521106396853
InteractionmarkX1xX4x400,0.0005658216867653,0.0004910390563207,-0.0003966148636232,0.0015282582371539,80th,6,"{'type': 'interaction', 'mark1': 1, 'mark2': 4, 'range': 400}",interaction,1.0,4.0,400.0,False,0.0004939909726202,7.183071414509998e-05,7.183071414509998e-05,0.14540893171226657
InteractionmarkX2xX4x400,-0.0012041098627052,0.0008766228964953,-0.0029222907398361,0.0005140710144256,80th,6,"{'type': 'interaction', 'mark1': 2, 'mark2': 4, 'range': 400}",interaction,2.0,4.0,400.0,False,-0.000822126837981,-0.0003819830247241999,0.0003819830247241999,-0.4646277929565031
InteractionmarkX3xX4x400,-0.0011226067458159,0.0010121895393449,-0.0031064982429319,0.0008612847513,80th,6,"{'type': 'interaction', 'mark1': 3, 'mark2': 4, 'range': 400}",interaction,3.0,4.0,400.0,False,-0.0008168706175872,-0.00030573612822870004,0.00030573612822870004,-0.3742772529926843
InteractionmarkX4xX4x400,0.0004887410192313,0.0011157863477608,-0.0016982002223798,0.0026756822608425,80th,6,"{'type': 'interaction', 'mark1': 4, 'mark2': 4, 'range': 400}",interaction,4.0,4.0,400.0,False,0.0007501457667963,-0.00026140474756499994,0.00026140474756499994,-0.3484718894491805
InteractionmarkX0xX0x500,0.0007208750037266,0.0009662898326285,-0.0011730530682252,0.0026148030756785,80th,6,"{'type': 'interaction', 'mark1': 0, 'mark2': 0, 'range': 500}",interaction,0.0,0.0,500.0,False,0.0008323975005623,-0.00011152249683569994,0.00011152249683569994,-0.13397743669655512
InteractionmarkX0xX1x500,-7.56833293940346e-05,0.000373477964208,-0.0008077001392418,0.0006563334804537,80th,6,"{'type': 'interaction', 'mark1': 0, 'mark2': 1, 'range': 500}",interaction,0.0,1.0,500.0,False,9.83708404445814e-06,-8.552041343849275e-05,8.552041343849275e-05,-8.69358680817519
InteractionmarkX1xX1x500,-0.0005747971858898,0.0002451114944249,-0.0010552157149627,-9.43786568169763e-05,80th,6,"{'type': 'interaction', 'mark1': 1, 'mark2': 1, 'range': 500}",interaction,1.0,1.0,500.0,False,-0.0007529676692933,0.00017817048340350002,0.00017817048340350002,0.23662431603244108
InteractionmarkX0xX2x500,3.93089200568714e-05,0.000564215796629,-0.001066554041336,0.0011451718814497,80th,6,"{'type': 'interaction', 'mark1': 0, 'mark2': 2, 'range': 500}",interaction,0.0,2.0,500.0,False,-2.52834680467585e-05,6.45923881036299e-05,6.45923881036299e-05,2.5547180676467467
InteractionmarkX1xX2x500,0.0012161739429285,0.0002383428909685,0.00074902187663,0.0016833260092269,80th,6,"{'type': 'interaction', 'mark1': 1, 'mark2': 2, 'range': 500}",interaction,1.0,2.0,500.0,False,0.0010183554727453,0.00019781847018319988,0.00019781847018319988,0.19425284790254305
InteractionmarkX2xX2x500,0.0005684828933842,0.000340343158502,-9.8589697279728e-05,0.0012355554840483,80th,6,"{'type': 'interaction', 'mark1': 2, 'mark2': 2, 'range': 500}",interaction,2.0,2.0,500.0,False,5.58883893862022e-05,0.0005125945039979977,0.0005125945039979977,9.171736606725096
InteractionmarkX0xX3x500,-0.0011996906406556,0.0008388091840751,-0.0028437566414429,0.0004443753601316,80th,6,"{'type': 'interaction', 'mark1': 0, 'mark2': 3, 'range': 500}",interaction,0.0,3.0,500.0,False,-0.0013113119551462,0.00011162131449060013,0.00011162131449060013,0.08512185490291653
InteractionmarkX1xX3x500,0.0002049786204381,0.000388987704677,-0.0005574372807287,0.000967394521605,80th,6,"{'type': 'interaction', 'mark1': 1, 'mark2': 3, 'range': 500}",interaction,1.0,3.0,500.0,False,2.8041544516559e-05,0.00017693707592154098,0.00017693707592154098,6.309796696019631
InteractionmarkX2xX3x500,0.0010900612098175,0.0004560733703856,0.0001961574038616,0.0019839650157735,80th,6,"{'type': 'interaction', 'mark1': 2, 'mark2': 3, 'range': 500}",interaction,2.0,3.0,500.0,False,0.0008996699291134,0.00019039128070409998,0.00019039128070409998,0.2116234558705099
InteractionmarkX3xX3x500,-0.0023375168192772,0.0013211069046309,-0.0049268863523539,0.0002518527137993,80th,6,"{'type': 'interaction', 'mark1': 3, 'mark2': 3, 'range': 500}",interaction,3.0,3.0,500.0,False,-0.0020995814010349,-0.00023793541824230005,0.00023793541824230005,-0.11332516414581661
InteractionmarkX0xX4x500,-0.0016384114536125,0.0006527568177188,-0.0029178148163415,-0.0003590080908834,80th,6,"{'type': 'interaction', 'mark1': 0, 'mark2': 4, 'range': 500}",interaction,0.0,4.0,500.0,False,-0.0014518375168686,-0.0001865739367438999,0.0001865739367438999,-0.12850881846298512
InteractionmarkX1xX4x500,-0.0002839030669752,0.0003375067253028,-0.0009454162485688,0.0003776101146183,80th,6,"{'type': 'interaction', 'mark1': 1, 'mark2': 4, 'range': 500}",interaction,1.0,4.0,500.0,False,-0.0007167967732288,0.0004328937062536,0.0004328937062536,0.6039280058569971
InteractionmarkX2xX4x500,0.0015039108576242,0.0004847427434481,0.0005538150804658,0.0024540066347826,80th,6,"{'type': 'interaction', 'mark1': 2, 'mark2': 4, 'range': 500}",interaction,2.0,4.0,500.0,False,0.0014326600632654,7.125079435880001e-05,7.125079435880001e-05,0.04973321390915287
InteractionmarkX3xX4x500,0.0013037183170486,0.0007394666997077,-0.0001456364143784,0.0027530730484758,80th,6,"{'type': 'interaction', 'mark1': 3, 'mark2': 4, 'range': 500}",interaction,3.0,4.0,500.0,False,0.0013762000429794,-7.248172593079995e-05,7.248172593079995e-05,-0.05266801220778897
InteractionmarkX4xX4x500,0.0043164708597187,0.0007778275757891,0.0027919288111719,0.0058410129082655,80th,6,"{'type': 'interaction', 'mark1': 4, 'mark2': 4, 'range': 500}",interaction,4.0,4.0,500.0,False,0.0044333790949833,-0.0001169082352646001,0.0001169082352646001,-0.026370005840441198
(Intercept),-10.2776993537732,0.0571531490512963,-10.3897195259137,-10.1656791816326,90th,6,"{'type': 'intercept', 'mark1': None, 'mark2': None, 'range': None}",intercept,,,,False,-10.3247929167551,0.04709356298190137,0.04709356298190137,0.004561211383234786
marks1,0.92122816018328,0.0655455939004426,0.792758796138412,1.04969752422815,90th,6,"{'type': 'mark', 'mark1': 1, 'mark2': None, 'range': None}",mark,1.0,,,False,1.27403277017785,-0.35280460999457,0.35280460999457,-0.2769195724201253
marks2,0.400608034077152,0.0627120889916286,0.27769233965356,0.523523728500744,90th,6,"{'type': 'mark', 'mark1': 2, 'mark2': None, 'range': None}",mark,2.0,,,False,0.51109353896266,-0.11048550488550796,0.11048550488550796,-0.2161747242748112
marks3,-0.444084468279224,0.100687075077911,-0.641431135431929,-0.246737801126519,90th,6,"{'type': 'mark', 'mark1': 3, 'mark2': None, 'range': None}",mark,3.0,,,False,-0.416116244340398,-0.027968223938825976,0.027968223938825976,-0.06721252609697619
marks4,0.173380717299784,0.0840963369275097,0.0085518969218652,0.338209537677703,90th,6,"{'type': 'mark', 'mark1': 4, 'mark2': None, 'range': None}",mark,4.0,,,False,0.0762266022271859,0.0971541150725981,0.0971541150725981,1.2745434284947592
InteractionmarkX0xX0x100,0.0941368858205189,0.0028290741203576,0.088591900544618,0.0996818710964198,90th,6,"{'type': 'interaction', 'mark1': 0, 'mark2': 0, 'range': 100}",interaction,0.0,0.0,100.0,False,0.0992707683974456,-0.005133882576926693,0.005133882576926693,-0.05171595480354115
InteractionmarkX0xX1x100,0.0234805085689946,0.0013959733838972,0.0207444007365559,0.0262166164014332,90th,6,"{'type': 'interaction', 'mark1': 0, 'mark2': 1, 'range': 100}",interaction,0.0,1.0,100.0,False,0.0228303199596623,0.0006501886093322994,0.0006501886093322994,0.028479171892166488
InteractionmarkX1xX1x100,0.0543237846681538,0.0009498709701144,0.0524620375667295,0.0561855317695781,90th,6,"{'type': 'interaction', 'mark1': 1, 'mark2': 1, 'range': 100}",interaction,1.0,1.0,100.0,False,0.0515504340166038,0.0027733506515500023,0.0027733506515500023,0.0537987836392776
InteractionmarkX0xX2x100,-0.0713542476897399,0.0045802607352564,-0.0803315587308425,-0.0623769366486373,90th,6,"{'type': 'interaction', 'mark1': 0, 'mark2': 2, 'range': 100}",interaction,0.0,2.0,100.0,False,-0.070112416649522,-0.0012418310402178973,0.0012418310402178973,-0.01771199878410073
InteractionmarkX1xX2x100,-0.0104673279431898,0.0013384215185068,-0.0130906341194631,-0.0078440217669164,90th,6,"{'type': 'interaction', 'mark1': 1, 'mark2': 2, 'range': 100}",interaction,1.0,2.0,100.0,False,-0.0123632211090873,0.0018958931658974998,0.0018958931658974998,0.15334944945448095
InteractionmarkX2xX2x100,0.0570594927442326,0.0012900600814377,0.0545309749846146,0.0595880105038507,90th,6,"{'type': 'interaction', 'mark1': 2, 'mark2': 2, 'range': 100}",interaction,2.0,2.0,100.0,False,0.057589259311356,-0.0005297665671233978,0.0005297665671233978,-0.009199051568614778
InteractionmarkX0xX3x100,0.0116432037705489,0.0031338146536353,0.0055009270494236,0.0177854804916741,90th,6,"{'type': 'interaction', 'mark1': 0, 'mark2': 3, 'range': 100}",interaction,0.0,3.0,100.0,False,0.014975594939782,-0.0033323911692331003,0.0033323911692331003,-0.2225214530962377
InteractionmarkX1xX3x100,0.0244084728315853,0.0015456126180108,0.0213790721002841,0.0274378735628865,90th,6,"{'type': 'interaction', 'mark1': 1, 'mark2': 3, 'range': 100}",interaction,1.0,3.0,100.0,False,0.0228762662897688,0.0015322065418165026,0.0015322065418165026,0.06697799875690238
InteractionmarkX2xX3x100,0.0153685873085447,0.0020813774531372,0.0112890875003957,0.0194480871166936,90th,6,"{'type': 'interaction', 'mark1': 2, 'mark2': 3, 'range': 100}",interaction,2.0,3.0,100.0,False,0.0163198827753526,-0.0009512954668078992,0.0009512954668078992,-0.058290581744591466
InteractionmarkX3xX3x100,0.127406193530076,0.0030727243705834,0.121383653763733,0.13342873329642,90th,6,"{'type': 'interaction', 'mark1': 3, 'mark2': 3, 'range': 100}",interaction,3.0,3.0,100.0,False,0.128649936033915,-0.0012437425038389904,0.0012437425038389904,-0.009667649601818278
InteractionmarkX0xX4x100,0.015622654087441,0.0022929689155794,0.0111284350129054,0.0201168731619767,90th,6,"{'type': 'interaction', 'mark1': 0, 'mark2': 4, 'range': 100}",interaction,0.0,4.0,100.0,False,0.0151468363719414,0.00047581771549960045,0.00047581771549960045,0.03141366953957838
InteractionmarkX1xX4x100,0.0229541647814768,0.001303286345821,0.0203997235436676,0.0255086060192861,90th,6,"{'type': 'interaction', 'mark1': 1, 'mark2': 4, 'range': 100}",interaction,1.0,4.0,100.0,False,0.0200593891647648,0.0028947756167119996,0.0028947756167119996,0.1443102568330333
InteractionmarkX2xX4x100,-0.0659530283861545,0.0037673826496692,-0.0733370983795062,-0.0585689583928028,90th,6,"{'type': 'interaction', 'mark1': 2, 'mark2': 4, 'range': 100}",interaction,2.0,4.0,100.0,False,-0.0679927851046423,0.0020397567184878007,0.0020397567184878007,0.029999605286775838
InteractionmarkX3xX4x100,0.0053050162726968,0.002896821715138,-0.0003727542889736,0.0109827868343674,90th,6,"{'type': 'interaction', 'mark1': 3, 'mark2': 4, 'range': 100}",interaction,3.0,4.0,100.0,False,0.0039121435100112,0.0013928727626856003,0.0013928727626856003,0.3560382494960641
InteractionmarkX4xX4x100,0.070975263043517,0.0027254117917389,0.0656334559317086,0.0763170701553254,90th,6,"{'type': 'interaction', 'mark1': 4, 'mark2': 4, 'range': 100}",interaction,4.0,4.0,100.0,False,0.0696127024622544,0.0013625605812626063,0.0013625605812626063,0.019573447533430745
InteractionmarkX0xX0x200,0.0098042210478287,0.0018259873379688,0.0062252858654098,0.0133831562302476,90th,6,"{'type': 'interaction', 'mark1': 0, 'mark2': 0, 'range': 200}",interaction,0.0,0.0,200.0,False,0.009705838417781,9.838263004769907e-05,9.838263004769907e-05,0.010136437966432581
InteractionmarkX0xX1x200,-0.0029846959975236,0.0008081849289544,-0.0045687384582744,-0.0014006535367729,90th,6,"{'type': 'interaction', 'mark1': 0, 'mark2': 1, 'range': 200}",interaction,0.0,1.0,200.0,False,-0.0037177718030527,0.0007330758055291002,0.0007330758055291002,0.1971814905931061
InteractionmarkX1xX1x200,0.0014845849462606,0.0005619956491562,0.0003830734739143,0.0025860964186069,90th,6,"{'type': 'interaction', 'mark1': 1, 'mark2': 1, 'range': 200}",interaction,1.0,1.0,200.0,False,0.0010013407218007,0.00048324422445989996,0.00048324422445989996,0.4825971476833305
InteractionmarkX0xX2x200,0.0045398159543844,0.001987674303072,0.0006439743203633,0.0084356575884056,90th,6,"{'type': 'interaction', 'mark1': 0, 'mark2': 2, 'range': 200}",interaction,0.0,2.0,200.0,False,0.004231570940046,0.0003082450143383998,0.0003082450143383998,0.07284410716995761
InteractionmarkX1xX2x200,0.0062605076965444,0.0007221691550377,0.0048450561526704,0.0076759592404185,90th,6,"{'type': 'interaction', 'mark1': 1, 'mark2': 2, 'range': 200}",interaction,1.0,2.0,200.0,False,0.0055702347434452,0.0006902729530991998,0.0006902729530991998,0.12392169675062836
InteractionmarkX2xX2x200,0.000455005423515,0.0008134373112552,-0.0011393317065452,0.0020493425535754,90th,6,"{'type': 'interaction', 'mark1': 2, 'mark2': 2, 'range': 200}",interaction,2.0,2.0,200.0,False,-0.0001576753233988,0.0006126807469138,0.0006126807469138,3.885708588612313
InteractionmarkX0xX3x200,0.0075938382521386,0.0016953581257027,0.0042709363257612,0.0109167401785161,90th,6,"{'type': 'interaction', 'mark1': 0, 'mark2': 3, 'range': 200}",interaction,0.0,3.0,200.0,False,0.0081299594437253,-0.0005361211915867001,0.0005361211915867001,-0.06594389414895407
InteractionmarkX1xX3x200,0.0005158040844269,0.0008645616624974,-0.001178736774068,0.0022103449429218,90th,6,"{'type': 'interaction', 'mark1': 1, 'mark2': 3, 'range': 200}",interaction,1.0,3.0,200.0,False,0.0002893058873867,0.00022649819704019996,0.00022649819704019996,0.7829018648599617
InteractionmarkX2xX3x200,0.0010567530782344,0.0011804050612151,-0.0012568408417473,0.0033703469982162,90th,6,"{'type': 'interaction', 'mark1': 2, 'mark2': 3, 'range': 200}",interaction,2.0,3.0,200.0,False,0.000846990308988,0.00020976276924640003,0.00020976276924640003,0.24765660510492502
InteractionmarkX3xX3x200,-0.0117774726676405,0.0021093721333637,-0.0159118420490334,-0.0076431032862476,90th,6,"{'type': 'interaction', 'mark1': 3, 'mark2': 3, 'range': 200}",interaction,3.0,3.0,200.0,False,-0.011758270793552,-1.9201874088501172e-05,1.9201874088501172e-05,-0.0016330525348783294
InteractionmarkX0xX4x200,-0.0021315099473344,0.0012941470180205,-0.0046680381026546,0.0004050182079857,90th,6,"{'type': 'interaction', 'mark1': 0, 'mark2': 4, 'range': 200}",interaction,0.0,4.0,200.0,False,-0.0014641664990408,-0.0006673434482935999,0.0006673434482935999,-0.4557838218210876
InteractionmarkX1xX4x200,-0.0007682408882495,0.0007317931640782,-0.0022025554898429,0.0006660737133437,90th,6,"{'type': 'interaction', 'mark1': 1, 'mark2': 4, 'range': 200}",interaction,1.0,4.0,200.0,False,-0.0008246129633979,5.6372075148400044e-05,5.6372075148400044e-05,0.06836185072804123
InteractionmarkX2xX4x200,0.0082777164588198,0.0016665844962537,0.0050112108461624,0.0115442220714772,90th,6,"{'type': 'interaction', 'mark1': 2, 'mark2': 4, 'range': 200}",interaction,2.0,4.0,200.0,False,0.0090150575949667,-0.0007373411361469,0.0007373411361469,-0.08178995199981619
InteractionmarkX3xX4x200,0.0008514113600591,0.0015429290116845,-0.0021727295028425,0.0038755522229609,90th,6,"{'type': 'interaction', 'mark1': 3, 'mark2': 4, 'range': 200}",interaction,3.0,4.0,200.0,False,0.001468862018512,-0.0006174506584528999,0.0006174506584528999,-0.42035984907718593
InteractionmarkX4xX4x200,0.0048808817930848,0.0015866249738631,0.001771096844313,0.0079906667418567,90th,6,"{'type': 'interaction', 'mark1': 4, 'mark2': 4, 'range': 200}",interaction,4.0,4.0,200.0,False,0.0057268095254631,-0.0008459277323783002,0.0008459277323783002,-0.14771361153984475
InteractionmarkX0xX0x300,0.0041778338327918,0.0014850361568828,0.0012671629653014,0.0070885047002822,90th,6,"{'type': 'interaction', 'mark1': 0, 'mark2': 0, 'range': 300}",interaction,0.0,0.0,300.0,False,0.0031361524801809,0.0010416813526108997,0.0010416813526108997,0.33215263797873423
InteractionmarkX0xX1x300,0.0001783181580666,0.0006249924426234,-0.0010466670294752,0.0014033033456086,90th,6,"{'type': 'interaction', 'mark1': 0, 'mark2': 1, 'range': 300}",interaction,0.0,1.0,300.0,False,2.54262020536383e-05,0.0001528919560129617,0.0001528919560129617,6.0131416550636025
InteractionmarkX1xX1x300,0.0005342712696447,0.0004417500046209,-0.0003315587394121,0.0014001012787017,90th,6,"{'type': 'interaction', 'mark1': 1, 'mark2': 1, 'range': 300}",interaction,1.0,1.0,300.0,False,0.0008137206858873,-0.00027944941624259993,0.00027944941624259993,-0.3434217499284866
InteractionmarkX0xX2x300,0.0002759225320764,0.0013082962261338,-0.0022883380711458,0.0028401831352987,90th,6,"{'type': 'interaction', 'mark1': 0, 'mark2': 2, 'range': 300}",interaction,0.0,2.0,300.0,False,0.0001805808920845,9.534163999189998e-05,9.534163999189998e-05,0.5279716258690526
InteractionmarkX1xX2x300,-0.0007616141635692,0.000517334166281,-0.0017755891294801,0.0002523608023415,90th,6,"{'type': 'interaction', 'mark1': 1, 'mark2': 2, 'range': 300}",interaction,1.0,2.0,300.0,False,-0.0007501356544771,-1.147850909210006e-05,1.147850909210006e-05,-0.015301909052583993
InteractionmarkX2xX2x300,0.0019568555444536,0.000627102699419,0.0007277342535923,0.0031859768353149,90th,6,"{'type': 'interaction', 'mark1': 2, 'mark2': 2, 'range': 300}",interaction,2.0,2.0,300.0,False,0.0018981566797569,5.86988646966997e-05,5.86988646966997e-05,0.03092413931383337
InteractionmarkX0xX3x300,0.0006191381875837,0.0013435595901527,-0.0020142386091156,0.0032525149842831,90th,6,"{'type': 'interaction', 'mark1': 0, 'mark2': 3, 'range': 300}",interaction,0.0,3.0,300.0,False,0.0003557703849021,0.0002633678026816,0.0002633678026816,0.7402744574330635
InteractionmarkX1xX3x300,-0.001683799829388,0.0006746623531001,-0.0030061380414643,-0.0003614616173117,90th,6,"{'type': 'interaction', 'mark1': 1, 'mark2': 3, 'range': 300}",interaction,1.0,3.0,300.0,False,-0.001727267373409,4.346754402099985e-05,4.346754402099985e-05,0.02516549676884187
InteractionmarkX2xX3x300,0.0003703247293491,0.0008691136234972,-0.0013331379727055,0.0020737874314038,90th,6,"{'type': 'interaction', 'mark1': 2, 'mark2': 3, 'range': 300}",interaction,2.0,3.0,300.0,False,0.0002148260696529,0.0001554986596962,0.0001554986596962,0.723834810011476
InteractionmarkX3xX3x300,0.0052560054694222,0.0018043835940991,0.0017194136249878,0.0087925973138566,90th,6,"{'type': 'interaction', 'mark1': 3, 'mark2': 3, 'range': 300}",interaction,3.0,3.0,300.0,False,0.0050834988093742,0.00017250666004799999,0.00017250666004799999,0.033934631072683026
InteractionmarkX0xX4x300,-0.0010316576831089,0.0010010115415699,-0.002993640304586,0.0009303249383682,90th,6,"{'type': 'interaction', 'mark1': 0, 'mark2': 4, 'range': 300}",interaction,0.0,4.0,300.0,False,-0.0004929280575606,-0.0005387296255483001,0.0005387296255483001,-1.0929171265329254
InteractionmarkX1xX4x300,0.0007137531238718,0.0005665702898112,-0.0003967246441582,0.0018242308919019,90th,6,"{'type': 'interaction', 'mark1': 1, 'mark2': 4, 'range': 300}",interaction,1.0,4.0,300.0,False,0.0006844353306579,2.9317793213900004e-05,2.9317793213900004e-05,0.042835002252467926
InteractionmarkX2xX4x300,-0.0004693327377952,0.0011134182668588,-0.0026516325408385,0.001712967065248,90th,6,"{'type': 'interaction', 'mark1': 2, 'mark2': 4, 'range': 300}",interaction,2.0,4.0,300.0,False,-0.0003241084406706,-0.0001452242971246,0.0001452242971246,-0.4480730338797066
InteractionmarkX3xX4x300,0.0055262031394708,0.0011983811576645,0.0031773760704483,0.0078750302084932,90th,6,"{'type': 'interaction', 'mark1': 3, 'mark2': 4, 'range': 300}",interaction,3.0,4.0,300.0,False,0.0054697479024605,5.64552370102998e-05,5.64552370102998e-05,0.01032135977469238
InteractionmarkX4xX4x300,0.0022496952933488,0.0012385391913997,-0.0001778415217947,0.0046772321084923,90th,6,"{'type': 'interaction', 'mark1': 4, 'mark2': 4, 'range': 300}",interaction,4.0,4.0,300.0,False,0.0025793367128773,-0.0003296414195284999,0.0003296414195284999,-0.12780084317905677
InteractionmarkX0xX0x400,0.0023378968391235,0.0012848741369839,-0.0001804564693649,0.0048562501476119,90th,6,"{'type': 'interaction', 'mark1': 0, 'mark2': 0, 'range': 400}",interaction,0.0,0.0,400.0,False,0.0023179445265305,1.995231259300026e-05,1.995231259300026e-05,0.008607760670652814
InteractionmarkX0xX1x400,0.0002456788609069,0.0005369037774509,-0.0008066525428969,0.0012980102647108,90th,6,"{'type': 'interaction', 'mark1': 0, 'mark2': 1, 'range': 400}",interaction,0.0,1.0,400.0,False,0.000410679790943,-0.0001650009300361,0.0001650009300361,-0.4017750410355524
InteractionmarkX1xX1x400,0.0008901714635434,0.0003737898907584,0.0001575432776569,0.0016227996494299,90th,6,"{'type': 'interaction', 'mark1': 1, 'mark2': 1, 'range': 400}",interaction,1.0,1.0,400.0,False,0.0009060586538223,-1.588719027889997e-05,1.588719027889997e-05,-0.017534393009148976
InteractionmarkX0xX2x400,0.0007073206463291,0.0010052286061064,-0.0012629274216395,0.0026775687142978,90th,6,"{'type': 'interaction', 'mark1': 0, 'mark2': 2, 'range': 400}",interaction,0.0,2.0,400.0,False,0.0012272019576499,-0.0005198813113207999,0.0005198813113207999,-0.42363138822988616
InteractionmarkX1xX2x400,-0.000419530373883,0.0004231751387371,-0.0012489536458078,0.0004098928980416,90th,6,"{'type': 'interaction', 'mark1': 1, 'mark2': 2, 'range': 400}",interaction,1.0,2.0,400.0,False,-0.0003479161059207,-7.161426796230004e-05,7.161426796230004e-05,-0.2058376894884367
InteractionmarkX2xX2x400,0.0002827332749595,0.0005625478973039,-0.0008198606037562,0.0013853271536753,90th,6,"{'type': 'interaction', 'mark1': 2, 'mark2': 2, 'range': 400}",interaction,2.0,2.0,400.0,False,0.0004378975488015,-0.00015516427384199997,0.00015516427384199997,-0.35433913442256526
InteractionmarkX0xX3x400,0.0013554402732323,0.0011135843491157,-0.0008271850510344,0.0035380655974991,90th,6,"{'type': 'interaction', 'mark1': 0, 'mark2': 3, 'range': 400}",interaction,0.0,3.0,400.0,False,0.00140068917446,-4.524890122770001e-05,4.524890122770001e-05,-0.032304738854479036
InteractionmarkX1xX3x400,-0.00013793601519,0.0005584247509826,-0.001232448527116,0.0009565764967359,90th,6,"{'type': 'interaction', 'mark1': 1, 'mark2': 3, 'range': 400}",interaction,1.0,3.0,400.0,False,8.5110400685908e-05,-0.000223046415875908,0.000223046415875908,-2.620668590577784
InteractionmarkX2xX3x400,-0.0013944910454936,0.0007468173473994,-0.0028582530463966,6.92709554093748e-05,90th,6,"{'type': 'interaction', 'mark1': 2, 'mark2': 3, 'range': 400}",interaction,2.0,3.0,400.0,False,-0.0010649949721964,-0.0003294960732972,0.0003294960732972,-0.3093874158663114
InteractionmarkX3xX3x400,0.0022243611984605,0.0016656081016753,-0.001040230680823,0.0054889530777442,90th,6,"{'type': 'interaction', 'mark1': 3, 'mark2': 3, 'range': 400}",interaction,3.0,3.0,400.0,False,0.0029154698111891,-0.0006911086127285998,0.0006911086127285998,-0.23704878931394122
InteractionmarkX0xX4x400,-0.0012360988228345,0.0008981187446046,-0.0029964115622595,0.0005242139165904,90th,6,"{'type': 'interaction', 'mark1': 0, 'mark2': 4, 'range': 400}",interaction,0.0,4.0,400.0,False,-0.0010132734651741,-0.00022282535766039984,0.00022282535766039984,-0.2199064155217689
InteractionmarkX1xX4x400,0.0006061385174154,0.0004924000880203,-0.0003589656551044,0.0015712426899352,90th,6,"{'type': 'interaction', 'mark1': 1, 'mark2': 4, 'range': 400}",interaction,1.0,4.0,400.0,False,0.0004939909726202,0.0001121475447952,0.0001121475447952,0.2270234241286046
InteractionmarkX2xX4x400,-0.0012551932569599,0.0008774224288288,-0.0029749412174645,0.0004645547035446,90th,6,"{'type': 'interaction', 'mark1': 2, 'mark2': 4, 'range': 400}",interaction,2.0,4.0,400.0,False,-0.000822126837981,-0.00043306641897889993,0.00043306641897889993,-0.5267634460956058
InteractionmarkX3xX4x400,-0.0010569555002733,0.0010104340840029,-0.003037406304919,0.0009234953043723,90th,6,"{'type': 'interaction', 'mark1': 3, 'mark2': 4, 'range': 400}",interaction,3.0,4.0,400.0,False,-0.0008168706175872,-0.0002400848826861,0.0002400848826861,-0.2939080536455528
InteractionmarkX4xX4x400,0.0004726503798618,0.0011122916690806,-0.0017074412915362,0.0026527420512599,90th,6,"{'type': 'interaction', 'mark1': 4, 'mark2': 4, 'range': 400}",interaction,4.0,4.0,400.0,False,0.0007501457667963,-0.00027749538693449996,0.00027749538693449996,-0.3699219034820771
InteractionmarkX0xX0x500,0.0010802147622092,0.0009690294115321,-0.0008190828843938,0.0029795124088122,90th,6,"{'type': 'interaction', 'mark1': 0, 'mark2': 0, 'range': 500}",interaction,0.0,0.0,500.0,False,0.0008323975005623,0.0002478172616469,0.0002478172616469,0.29771501200807743
InteractionmarkX0xX1x500,-9.43209053597028e-05,0.0003742948982732,-0.0008279389059753,0.0006392970952558,90th,6,"{'type': 'interaction', 'mark1': 0, 'mark2': 1, 'range': 500}",interaction,0.0,1.0,500.0,False,9.83708404445814e-06,-0.00010415798940416094,0.00010415798940416094,-10.58819159359321
InteractionmarkX1xX1x500,-0.0005969372557782,0.0002468766828436,-0.0010808155541518,-0.0001130589574046,90th,6,"{'type': 'interaction', 'mark1': 1, 'mark2': 1, 'range': 500}",interaction,1.0,1.0,500.0,False,-0.0007529676692933,0.00015603041351510002,0.00015603041351510002,0.20722057421069004
InteractionmarkX0xX2x500,0.0001968011701111,0.0005668408322123,-0.000914206861025,0.0013078092012472,90th,6,"{'type': 'interaction', 'mark1': 0, 'mark2': 2, 'range': 500}",interaction,0.0,2.0,500.0,False,-2.52834680467585e-05,0.0002220846381578585,0.0002220846381578585,8.783753849422808
InteractionmarkX1xX2x500,0.0010970997072245,0.0002405565850553,0.000625608800516,0.001568590613933,90th,6,"{'type': 'interaction', 'mark1': 1, 'mark2': 2, 'range': 500}",interaction,1.0,2.0,500.0,False,0.0010183554727453,7.87442344791999e-05,7.87442344791999e-05,0.0773248918026931
InteractionmarkX2xX2x500,0.0001512264939266,0.0003443062649969,-0.0005236137854673,0.0008260667733207,90th,6,"{'type': 'interaction', 'mark1': 2, 'mark2': 2, 'range': 500}",interaction,2.0,2.0,500.0,False,5.58883893862022e-05,9.53381045403978e-05,9.53381045403978e-05,1.7058629708452087
InteractionmarkX0xX3x500,-0.0009657659215477,0.0008426832095757,-0.0026174250123163,0.0006858931692207,90th,6,"{'type': 'interaction', 'mark1': 0, 'mark2': 3, 'range': 500}",interaction,0.0,3.0,500.0,False,-0.0013113119551462,0.00034554603359850014,0.00034554603359850014,0.2635116730929273
InteractionmarkX1xX3x500,4.74748408664501e-05,0.0003902594959187,-0.0007174337711343,0.0008123834528672,90th,6,"{'type': 'interaction', 'mark1': 1, 'mark2': 3, 'range': 500}",interaction,1.0,3.0,500.0,False,2.8041544516559e-05,1.9433296349891097e-05,1.9433296349891097e-05,0.6930155732633816
InteractionmarkX2xX3x500,0.0010766167185492,0.0004576019324703,0.0001797169309073,0.0019735165061912,90th,6,"{'type': 'interaction', 'mark1': 2, 'mark2': 3, 'range': 500}",interaction,2.0,3.0,500.0,False,0.0008996699291134,0.00017694678943580002,0.00017694678943580002,0.19667965332820544
InteractionmarkX3xX3x500,-0.0018283670537742,0.0013248739253794,-0.0044251199475179,0.0007683858399694,90th,6,"{'type': 'interaction', 'mark1': 3, 'mark2': 3, 'range': 500}",interaction,3.0,3.0,500.0,False,-0.0020995814010349,0.0002712143472606999,0.0002712143472606999,0.12917543192632258
InteractionmarkX0xX4x500,-0.0016207319903545,0.0006535427796883,-0.0029016758385436,-0.0003397881421653,90th,6,"{'type': 'interaction', 'mark1': 0, 'mark2': 4, 'range': 500}",interaction,0.0,4.0,500.0,False,-0.0014518375168686,-0.00016889447348589996,0.00016889447348589996,-0.11633151774244592
InteractionmarkX1xX4x500,-0.0005040996752999,0.0003387080207533,-0.0011679673959764,0.0001597680453765,90th,6,"{'type': 'interaction', 'mark1': 1, 'mark2': 4, 'range': 500}",interaction,1.0,4.0,500.0,False,-0.0007167967732288,0.0002126970979289,0.0002126970979289,0.2967327368084201
InteractionmarkX2xX4x500,0.0013701613581814,0.0004867965675561,0.0004160400857714,0.0023242826305914,90th,6,"{'type': 'interaction', 'mark1': 2, 'mark2': 4, 'range': 500}",interaction,2.0,4.0,500.0,False,0.0014326600632654,-6.249870508399989e-05,6.249870508399989e-05,-0.04362423600971029
InteractionmarkX3xX4x500,0.001286210717685,0.0007400549791965,-0.0001642970415401,0.0027367184769102,90th,6,"{'type': 'interaction', 'mark1': 3, 'mark2': 4, 'range': 500}",interaction,3.0,4.0,500.0,False,0.0013762000429794,-8.998932529439988e-05,8.998932529439988e-05,-0.06538970785134332
InteractionmarkX4xX4x500,0.0042215544494231,0.0007783194991613,0.0026960482310668,0.0057470606677794,90th,6,"{'type': 'interaction', 'mark1': 4, 'mark2': 4, 'range': 500}",interaction,4.0,4.0,500.0,False,0.0044333790949833,-0.00021182464556020013,0.00021182464556020013,-0.047779500972958855
